Time Bucket,1-Mains_A,2-Mains_B,4-Lights-Luz Sala Comedor,5-Air Conditioner-Split Rec 1,6-Lights-Luz Toma Rec2,7-Air Conditioner-Split Rec2,8-Lights-Luz Toma Rec3,9-Air Conditioner-Split Rec3,10-Lights-Closet ba√±o Rec Pr,12-Lights-Luz y Toma Sala,13-Lights-Luz  Lav y Dect Humo,14-Lights-Lav y Cto Emp,15-Kitchen-Toma Cocina,16-Fridge/Freezer-Refrigerador
2023-06-15,1.9067511696041952,5.6913276652293705,1.5391349302164714,2.38451583362182,0.299701273255878,0.0,0.2253287613226308,2.923709551493327e-06,0.1569664580126603,0.0582755122816562,0.0001448552736971,0.0006357884295781,0.2484913584266768,2.877291231518851
2023-06-16,6.108963908501732,6.918731337443457,1.0347961713088882,4.248225266934236,1.7956859480975735,0.0,0.5866020948852433,6.42925951215956e-06,0.1425307993853092,0.0006623357995351,0.0220542505862977,0.0005157087994946,0.185464255108171,2.9421737558237715
2023-06-17,7.089717615538173,11.20078725973447,4.336029278794924,5.57207019480149,1.0114951808950636,0.0,1.1220503206684855,2.463630550395383,0.2606771267990271,0.0021680272012286,0.0263814734970198,0.0005074809151225,0.0965434330818388,3.105079735175636
2023-06-18,4.73393339156151,8.779621096296308,0.3233198116252157,5.221595644401974,0.0505595312311914,0.0,0.9125670663510428,2.778896329665184,0.0770319694871372,0.0005005485822094,3.111218161053128e-05,0.0,0.0,2.737438478205071
2023-06-19,7.843668150088522,12.594406683042312,1.3591375725189845,7.16363747405688,0.067885775129795,0.0,0.3338405775716569,4.303037647490501,0.1278600991528563,0.0001908308230506,0.0221767218681176,0.0,0.2992706896702448,2.596470801377297
2023-06-20,2.59501037182861,7.265439273550247,0.9723391254938972,3.954089088884194,0.0006567281431621,0.0,0.7610535339474679,0.0,0.0708316367023521,0.0001396290073129,0.0041960695167382,0.0,0.2282534864025645,3.129247641511625
2023-06-21,3.155211218766636,8.415978755022685,0.8549924856948851,4.827820299753878,0.0016759622919559,0.0,1.0434101315601665,0.0,0.1207784453860918,5.590072247717116e-05,0.0158320176915327,0.0,0.3506695906649695,3.323810556710296
2023-06-22,6.51020696103626,8.192343792385527,1.9669373830167447,3.621140365660721,0.0029354105826218,2.899879349602593e-06,0.2301391197076109,0.5327194588163164,0.1087023116638925,0.0001781413692898,0.0393949219634797,0.0,0.7539161496620708,3.035865079939497
2023-06-23,2.7909247548548386,6.728185530762142,0.8402896242049005,3.385424455575943,0.0041173620518048,0.0,0.3580071191876464,0.5751467232047187,0.1073803383111954,0.0020860618999269,0.0021509729667504,0.0,0.2009699493373764,2.6605923071418864
2023-06-24,4.406281545610957,8.417762735513051,0.6783363499675856,2.359899338639313,0.000571095228725,0.0,0.0637048960424794,0.0,0.0438637755150265,0.0001332853052351,0.0007183690721458,0.0,0.0887881187735663,2.6714381111228467
2023-06-25,3.4309454975785143,7.5162314172469245,0.4076354648211266,3.071293463627232,0.0019872860972086,0.0,0.4997560093577703,0.0,0.0565583623839749,0.0003729034810596,0.0024127801889843,0.0,0.0593457493612501,2.9021785593342777
2023-06-26,5.505026268432935,8.806134228848352,3.740752470442984,5.518434366795751,0.0,2.89162105984158e-06,0.2837543069709672,0.0,0.151294180658261,0.0016757491220368,0.0208581484953562,0.0,0.1360978503509362,2.669836123361588
2023-06-27,3.53791172773944,7.504086517086029,0.9088580371398396,4.330554415459898,0.0747602257381545,0.0,0.2982480338847637,0.8646692240134876,0.1643252395668294,0.0051510510061846,0.0106883606816662,0.0,0.2916789859596888,2.819633311796056
2023-06-28,3.632792553237808,7.1487892993778654,1.8105544688460564,3.5632723142864964,0.1216278677386707,2.9968923992580843e-06,0.6085582848431004,0.0,0.2294608373093605,0.001499994000064,0.0244092450724707,0.0,0.0332379621877935,2.770729539302456
2023-06-29,4.787821688972579,8.670022737761602,0.9555603606030676,6.244506718363763,9.38738218943278e-05,0.0,0.3127722475177714,0.0,0.0819218833982944,0.0024406641353501,3.353725963168674e-05,0.0,0.2315530533863438,2.695724233863221
2023-06-30,4.49772946820842,7.7703324491437264,0.9663862660047744,5.237906978480286,0.0010478331528769,0.0,0.4505715460856756,0.0,0.0969351815813117,0.0,0.0139411798593733,0.0,0.2870569109053082,3.0028033052623275
2023-07-01,3.530458322291904,7.970866084532207,0.5130535036182404,5.658309774080912,0.0008210600691371,0.0,0.6326931542951532,0.0,0.0809721601749791,0.0001738937939537,0.0058644947184456,0.0,0.823252720532285,2.8347568766865465
2023-07-02,3.249009812219407,6.76439232185364,0.7862938457285034,4.496189199736914,0.0004713436545266,0.0,0.2053866089885764,0.0,0.2780994316520956,5.1244445376926e-05,0.0002347347419791,0.0,0.1092830272614956,2.601814953596858
2023-07-03,4.141616086900498,5.346192521800995,1.037611250668102,2.0850905837864344,0.0009759804324309,0.0,0.1926686208640204,0.0,0.4419880316506492,6.590510686238607e-05,0.0245032539440525,0.0,0.1759497939815786,2.412429071319633
2023-07-04,4.518157612527741,9.762877615504795,1.966467281688849,7.1556863169765474,0.0,0.0,0.6656349205746916,0.0,0.102039861243036,0.0169501295549339,0.0214094103850258,0.0,0.8302609539340602,3.020173256136973
2023-07-05,4.898735837048953,9.199701865346698,0.7000327408740256,8.839506806593473,0.0,2.817002402411567e-06,0.462772764999734,0.0,0.0784650645018948,0.0001125844317012,0.0005227807441022,0.0,0.2174175638404157,2.743846067506869
2023-07-06,4.019753016603787,7.95299873910904,2.618646621978018,2.949939932258924,0.0265795931649208,0.0,0.7638290234242545,0.0,0.1202074684528509,0.0025208312247859,0.0264124606541792,8.999003410339355e-05,0.4618788955969281,3.590702919665575
2023-07-07,2.727522327799267,6.568364101465013,0.3491475049175156,3.670352643162145,0.0154357655489444,0.0,0.5032172404767408,0.0,0.0871206726549731,0.0003726918632454,6.969505747159323e-05,0.0,0.4694339929281341,2.911636902696689
2023-07-08,3.492716828136444,7.545130176285636,0.5154554189478027,5.497939957666928,0.0013480746772554,0.0,0.6904265061970555,0.0,0.0876734370589256,0.0,0.0126822969792948,0.0,0.2048028392561277,2.7498786187569304
2023-07-09,3.5738175414551634,8.191923044675189,0.9628594389613468,6.45009757407215,0.0105022719099786,0.0,0.4134739037997192,0.0,0.0731172082512908,0.00030245133996,0.0004075848768817,0.0,0.5207490057977041,2.3583609795965086
2023-07-10,3.243779452123235,6.00312458097083,0.5164892822758969,3.281928108710713,0.0,0.0,0.1479451034060604,0.0,0.0427848442354467,0.0,0.0003200452644295,0.0,0.0760317794905768,2.9273527740772867
2023-07-11,4.449237806125624,8.586790229951582,0.8270333618107819,7.572993996601104,0.1106806875517633,0.0,0.3621705329082256,0.0,0.0633832770209842,0.0002052233137024,0.004451232780483,0.0,0.1896269290607505,2.8980096331184138
2023-07-12,9.462525954619514,14.63772329736286,2.3619102506751486,2.5555673855193457,0.648515240339968,0.0,0.2543839274968041,3.813898713086711,0.0902256788954469,1.799289979488055,0.0071492291659779,0.0120176851958698,0.338757241426044,3.762247742841242
2023-07-13,21.07233296467993,28.3550133417511,2.529755335552428,6.361517239067554,0.3315653432134787,0.0,0.1565905230764548,8.726302611967988,0.1568626748686366,1.9341959710172816,0.0063519229680962,0.0359312123462889,1.1210886494060357,3.9172512291777126
2023-07-14,11.951634190472491,16.623929323418935,2.7098574395505586,2.984455005951987,0.33947573954463,0.0,0.1569082589950826,4.54666774298721,0.1060371509574519,0.1204465421348147,0.0162019241139623,0.0177101539468765,0.3381531189966202,3.98608373976628
2023-07-15,8.886157342398958,13.152130940102468,0.9553377585111724,3.614692736069361,0.1139673235781987,0.0,0.0829846159201198,3.285289293074078,0.1568091298259629,0.0219788813720809,0.0022734707298543,0.0416723205873701,0.4153909365230137,3.703015290501382
2023-07-16,7.633050005657407,9.376660646305083,0.78834473231607,9.151826731994948,0.0315870157731903,0.0,0.3890816902216275,0.0,0.0640368798144658,0.0005717424501313,0.0077177335386806,0.0,0.0654351081642839,3.0369448269592385
2023-07-17,4.202591237384477,7.180685218677522,1.1220259773998789,3.9457979145354702,0.4089979958530267,0.0,0.7024428993153573,0.0,0.1370681992228826,0.0006437143182754,0.024063588913944,8.552095837063259e-05,0.1608594679292043,3.0890134547593857
2023-07-18,2.60640469789611,9.144269156201682,3.856853151164585,3.3938569204688074,0.0684535917237069,0.0,1.0922956700866753,0.0,0.1033163455039925,0.008632725455496,0.0089816058342986,0.0,0.8568700619957181,3.536470953824785
2023-07-19,4.193376619188521,7.855909312780168,0.3831315929208862,6.227538931127125,0.0393887980951203,3.05631717046102e-06,0.711575745610131,0.0,0.0848488990252547,0.0,8.35255053308275e-05,0.6429220413239798,0.2739424525940418,3.0809835712496443
2023-07-20,3.8160861419693632,7.712594264335633,0.3407366996357176,6.511184183197551,0.0,0.0,0.840951085032622,0.0,0.0560982912152343,0.0001329900458123,0.0014247969394259,0.0,0.0812225857402218,2.607382567989694
2023-07-21,4.562469511352645,7.890657898574406,0.9966535386957062,5.712349972299999,0.0322169519680076,0.0,0.5179771833745638,0.0,0.083885482767158,0.0,0.0164166006934642,0.0016752079141139,0.3781492370870378,3.03281343267454
2023-07-22,4.698932132337888,8.892908264520432,0.7018964222209985,7.252646668388048,0.6556371677871545,3.3425890074835885e-06,0.7258305879113408,0.0,0.0989595484822326,0.0001560422184732,6.036112970776028e-06,5.744640058941312e-05,0.1100866009256574,3.1569321659615306
2023-07-23,3.097097662530475,6.675569204866621,0.5343014156773355,3.696539320376449,0.6332005248945289,0.0,0.8408677796676427,0.0,0.0728340553806887,0.0002338414010736,0.0021288403830263,0.0,0.1738677223624123,3.0176913272082806
2023-07-24,2.7126152099386847,6.587872700788709,0.3878741539904806,3.4570001674320965,0.5191109062547155,0.0,0.8963830153675874,0.0,0.0796458480956819,0.0002637136210335,0.0011626587820053,0.0012615598583221,0.2540949493804242,3.0214514269624817
2023-07-25,2.609040332229932,6.81402626274109,0.3725917668120067,3.4010572531527945,0.4595364294530286,0.0,0.9106864368396336,0.0,0.0460115753327475,0.0002618048704995,0.0059061539620823,0.0,0.3082221297764778,3.3977581966830623
2023-07-26,5.400472896883752,7.515726257108051,1.844545816182296,3.998356019937728,0.4455327903764778,2.785707844628228e-06,0.6165140353975032,0.0,0.2414406521715058,0.0329710508696238,0.0295873744440078,0.0,0.1974957981822225,2.9157426506882245
2023-07-27,4.550670320889155,8.706083764968445,0.4616296968187226,7.786328512030176,0.4035306183171272,0.0,0.438948175955216,0.0,0.0681023924190468,0.0,0.0030558396666579,0.0,0.241602489257786,3.2505074471366404
2023-07-28,3.7607106568749744,7.181780218887329,0.350686615014341,5.338908556846778,0.4051243842359384,0.0,0.6487138287780021,0.0,0.0669558187998665,7.792306873533461e-05,3.824696805742052e-05,0.0,0.4971650254911846,2.6048478389769127
2023-07-29,3.78878772875256,6.859631118331485,0.6165521152501636,5.0727758319552745,0.0265573213869995,0.0,0.4397905846744113,0.0,0.0423954531910684,0.0001469052229987,0.0080862567387686,0.0,0.112547903545565,2.55645259316047
2023-07-30,3.263345490442912,6.570049205705855,0.4677468232756192,4.8896269822171,0.0436284023524655,0.0,0.0967048712217807,0.0,0.0460082806858751,0.0003585021148787,0.0009307001766893,0.0,0.4678800208939446,2.4614306355264453
2023-07-31,6.173633384682338,7.451988006933,0.8487952014496593,4.586740469823414,0.0011729151640997,0.0,0.9283011061804824,0.0,0.1018867696118354,0.0,0.0339256005962689,0.0,0.2435515492831336,2.8798981740674705
2023-08-01,3.06332811715232,7.417077724944221,0.6401924074822002,3.652758402104908,0.0004923484547932,0.0,0.7142283656692504,0.0,0.0723644722082879,0.0012393649542331,0.0045409130767981,0.0,0.041859502005577,3.1229197650463045
2023-08-02,3.274137512925996,7.940504090729818,0.3437028382465575,5.42820357676612,0.0,0.0,1.74058789208293,0.0,0.0472399060191048,0.0,0.0,0.0,0.2235674734674559,2.811225171804693
2023-08-03,5.958474823926819,8.454154111097123,0.5717639247306188,7.189594576147927,0.0,0.0,0.5573846978916063,0.0,0.1210553983497619,0.0012124932805697,0.0137256635336081,0.0,0.1718906716399722,3.119698728993734
2023-08-04,3.921810646398332,8.087733639742533,0.4472975591733721,6.168479509328207,0.0622636551835801,0.0,0.768959285390642,0.0,0.0956843365799056,0.0023567125323083,0.0308607190034124,0.0002238850400182,0.3162400770285394,3.123121750131977
2023-08-05,3.389681012751791,7.336546033066646,0.4253862693336274,5.462993171716795,0.97350099822402,0.0,0.4009274352188905,0.0,0.0562228537838988,0.0,0.0022535357550779,0.0,0.2318854757520887,3.117342955241733
2023-08-06,3.939050424968931,7.519630651187895,1.2158348487228814,4.857789088240199,0.2833462951744928,0.0,0.360271392219729,0.0,0.0585159163569079,0.0001644621237119,0.0011964392617013,0.0,0.224175312994851,3.137372168485192
2023-08-07,2.406756401029693,6.499888435166678,0.4525026062528291,3.061143510751989,0.5095442037561205,0.0,0.7622617953777312,0.0,0.0702095650706026,7.603664980994331e-05,0.0002412456546889,0.0,0.4106052434921264,3.185276598182652
2023-08-08,4.202416084188886,7.455589245552487,2.740278777522512,2.76654756551875,0.2131581258907582,0.0,0.8990099887499543,0.0,0.1580514569795131,3.103021515740289e-05,0.044508252017498,0.0,0.2260955036479897,3.139633702625963
2023-08-09,2.152945100517273,5.712285817707911,0.4952185783717368,2.06787694618596,0.2747380211619536,5.757131046719021e-06,0.5441953736881414,0.0,0.0630242451232009,0.0006397604285346,0.0060348683786392,0.0,0.4854059042995505,2.8900570265800423
2023-08-10,3.040448665786849,7.1896341940943405,0.566981684094535,4.480853489048216,0.5512255414834288,0.0,1.0427171362141767,0.0,0.0576827157462967,0.0002693673174911,0.0,0.0,0.0832168182298872,2.9619117847866487
2023-08-11,4.689981727881961,7.991789715029397,0.6670856628598105,6.530518325701819,0.7009150895892249,0.0,0.3466064689952797,0.0,0.0774896718011962,0.0004639025537172,0.0052773764831489,0.0,0.3553866728566752,3.107922294087145
2023-08-12,3.571778065655055,6.967653104870272,0.3966611632537761,5.766653922670683,1.0090080938712669,0.0,0.2102344973991814,0.0,0.0616850381578339,8.506643719143338e-05,0.0003559239856402,0.0,0.1907300737828678,2.6034958530343504
2023-08-13,4.396277597587286,9.170681333674109,0.3860857373494653,8.20699776021984,0.4540461721094539,0.0,1.0320907836467852,0.0,0.0770960097765922,0.0029885737779405,0.0252621171214845,0.0,0.3600864342602094,2.6400681030301656
2023-08-14,4.530988471881019,6.539256535519494,0.5347518088354005,3.0550833180536165,0.0004824524733755,0.0,0.9413605369717544,0.0,0.1643750625009006,0.0070671756944391,0.030261638525327,0.0,0.5282298195374012,2.7661794252477754
2023-08-15,6.54436009028011,11.826859144541425,0.4974156777948803,2.7025628098583216,0.015553932880693,0.0,0.3907913062416183,0.0,0.0451670057453049,0.0001986099561055,1.8664651181962755e-05,0.0,0.2955534243530697,3.129690079694192
2023-08-16,5.907579801814821,10.170492619953157,0.4509506705787446,6.359033440124724,0.0040814555548297,2.9696936077541777e-06,0.442868660690387,0.0,0.0947139045741823,9.224607202741834e-05,0.0,0.0,0.2294681399928199,2.636543683459891
2023-08-17,2.7052199890984427,6.605950104728275,0.3650189431601101,3.706622359233697,0.003413214130534,0.0,0.8675972697521581,0.0,0.0514708439644177,0.0,0.0070340236308839,0.0,0.6516605516093307,2.691527189435032
2023-08-18,4.414024028584162,5.417543371626536,0.377969926000701,2.2486634941506387,0.0046937963464525,0.0,0.6754828788186445,0.0,0.1194027563891145,0.000188264564938,0.0162922336628701,0.0,0.0626561198402775,2.529233823947112
2023-08-19,2.033713380717701,4.589046593797472,1.535449066196548,0.0,0.1779623132152027,2.865414619445801e-06,0.066912131279442,0.0,7.4273219373491075e-06,0.0,0.0008268771179517,0.0,0.178788575040102,2.986956890483168
2023-08-20,1.2271277286391788,4.405253558417426,0.8847615220848718,0.0,0.1474645153694682,2.920008500417073e-06,0.0722086031238238,0.0,1.4151440726386175e-06,0.0,0.0200787895456949,0.0,0.1065954812456501,3.373036649216281
2023-08-21,1.3536030717817944,3.731951829253304,0.6102112746344671,0.0,0.5755718164757888,0.0,0.0749957102533181,0.0,4.339814318550958e-06,0.0039039724932776,0.0,0.0,0.1004671099890602,2.411777735726304
2023-08-22,1.3197658156002894,3.655337778644562,0.6583619877399339,0.0,0.4795847165928946,0.0,0.0739539416767491,0.0,1.4060654905107286e-06,0.0,0.0,0.0,0.1080187830307748,2.188888698231247
2023-08-23,3.07240700097349,4.487739451806809,0.4199502492843733,0.0,0.332544305479394,0.0,0.5204223033397727,1.170376948688825,0.1161185818314552,0.0502977770821253,0.0203298321125242,2.230137401156956e-05,0.0614083153671688,2.033787792889409
2023-08-24,5.639898848850991,10.161378111892278,5.8844921742537295,3.3770708504443694,0.5136913930281003,0.0,0.3631132057077355,0.0,0.083395324719482,0.0001126925529374,0.0027053503472275,0.0,0.2968120779181852,3.318881895492342
2023-08-25,4.047983189459907,6.869872249412536,0.6448471727053323,4.603653915172683,0.5677104199568431,0.0,0.3030666407762633,0.0,0.0507580396805869,0.0002586895365185,0.002553190959692,0.0,0.1158340335041946,3.027791628566053
2023-08-26,1.1002413110383351,3.3928840897772043,0.3282155334011714,0.0,0.0,0.0,0.0001450808254877,0.0,4.4491056601206455e-06,0.0,0.0,0.0,0.0,2.224232943152719
2023-08-27,4.390102721526888,7.43633172135883,0.6962650061461662,3.234877653450966,0.3612103646943304,0.0,0.0474178048892815,0.0,0.0078458063606421,0.0002825911723242,0.0008999103742175,0.0,0.011988025556008,2.4445649116886985
2023-08-28,7.300389663754571,9.903061025214724,0.364648426039219,10.033006332315338,0.7879399070019193,0.0,0.2285201794887914,0.0,0.1271530755533112,7.033568647172716e-05,0.0079197203971279,5.05120489332411e-06,0.3702114173022906,3.623455291638241
2023-08-29,4.777247523945171,8.578904577757518,0.3675103169571028,7.218616256373459,0.5003198310833508,0.0,0.911327761144373,0.0,0.082227188840972,0.0,0.0002998989542325,0.0,0.3811955312127537,3.196796465236478
2023-08-30,6.763537387544843,10.018135568009482,2.7518074490581617,7.2267200983071325,0.1805358025855488,0.0,0.5170785108104016,0.0,0.2982999920140372,0.0279453435047467,0.0350427165692382,0.0,0.5045479259721439,3.4026737968614365
2023-08-31,6.209515131494205,11.04041966067208,1.0555232412399185,8.502749096415307,0.0031109900274541,0.0,0.3992848651594586,0.0,0.2716155900842613,0.0001581485847632,0.0,0.0,0.1975705265140533,2.8812835242156187
2023-09-01,10.895266069255936,16.68423454272376,0.657199406806893,9.01122146431128,1.6136236985524496e-06,0.0,0.8780372932104269,0.0,0.0813100247828165,0.0009381349333127,0.0035501248421933,0.0,1.3039875781089727,2.903734871501658
2023-09-02,3.3986719189453107,7.408413250276777,0.3674196608659956,5.598027419958911,0.0,0.0,0.1502480200711886,0.0,0.061029782826768,0.0,0.0040244988869296,0.0,0.2059016226792335,2.766890797529088
2023-09-03,3.568063193266126,7.568833177668253,0.3959943192720413,6.017943056675327,0.0,0.0,0.4176579839042823,0.0,0.0902319085640377,0.0017338739913039,0.0010960246384143,0.0,0.2310822751438617,2.9208494404444427
2023-09-04,4.585920986713832,7.481029851900738,0.3544968150191837,5.637500779125955,0.1339550977183712,5.921840137905545e-06,0.6422504600581858,0.0,0.0982057441104782,4.886460012859768e-05,0.0048400631247626,0.0,0.0906210859715938,3.14198068096439
2023-09-05,7.861811212881407,12.56703832593706,0.61082112360345,8.761612620749474,0.3728141845801143,0.0,0.4439979053197966,0.0,0.1111886455494827,2.4373912546369763e-05,0.0,0.0,0.1273073081856303,3.655595202887456
2023-09-06,6.214276382828819,9.479060273772346,0.4561765589915382,8.184598691977925,0.4400563288240962,0.0,0.5764805954257647,0.0,0.0791156789078977,0.0123599196153216,0.00470987252699,0.0,0.4500511844695938,3.459147097488112
2023-09-07,1.942132830837568,3.711669387671153,0.4992406742217805,0.0,0.5144929611253738,0.0,0.0312349349897437,0.0,1.045411745707194e-05,0.0006784391736984,0.0002895939148796,0.0,0.0329451581935087,2.6012969631605687
2023-09-08,5.7085757194185245,7.878321411084068,1.3752594225761627,6.1525416234429695,0.2810839288886388,0.0,0.4062403184884124,0.0,0.1201134164211485,0.0070021383917331,0.0084790506164232,0.0,0.1261408880325158,2.7163672448518548
2023-09-09,3.549826677965589,7.034092043823665,0.3375738656854629,5.356374628670217,4.416770458221436e-05,0.0,0.2971701817173427,0.0,0.0546172868839899,0.0002191792559623,5.9090736574596826e-05,0.0,0.1768592829272482,2.8369821039733623
2023-09-10,2.8177586332146323,6.546422010729048,0.4195908716167345,3.562419143195417,0.4231897362199094,0.0,0.4505974641729726,0.0,0.0629818078847726,0.0001540701689985,0.0003805984503693,0.0,0.385191348786619,3.3309993205424147
2023-09-11,2.55520073659473,5.876487679042815,0.7659823585520851,2.800013996551567,0.3766048322109382,2.8057122230529786e-06,0.3117473734166887,0.0,0.0534680756384796,0.0004148198066817,0.0001151815766758,0.0,0.1437928664390246,2.755499704521099
2023-09-12,4.443573813861211,6.577436097708807,0.5728945839277902,3.0569069921824665,0.2428050944536262,0.0,1.2579400018633735,0.0,0.1089003567426734,0.0005983621488677,0.0044974521417087,0.0,0.13804628413558,2.934014799907737
2023-09-13,4.3232270701366,8.566906321705714,0.7560109983057446,7.308123640705745,0.3819877424690458,0.0,0.2965263962933752,0.0,0.0886043556500805,0.0,4.390927725368076e-05,0.0,0.6560744167566299,3.017558668564823
2023-09-14,2.709451931087175,6.055605416323344,0.3511578768340746,3.450178303510877,0.6713388654430706,0.0,0.3886618361975087,0.0,0.101821668167644,0.000302507355478,0.0,0.0,0.1623501431576411,2.7856275121846465
2023-09-15,4.876506049524942,9.278468440407648,4.70428686633322,4.483403577515814,0.5508905516011185,0.0,1.0213031501563392,0.0,0.1794814002339045,0.017555385009845,0.0118988854467868,0.0015213797325558,0.1452168061467011,2.880821294210354
2023-09-16,3.724380009041892,7.717699489400651,0.7318590378997062,5.69342286025683,0.7935436474717987,0.0,0.3863119811782572,0.0,0.0676424321582582,0.0,0.0001405180732409,0.0,0.427259609660175,3.221975842186477
2023-09-17,3.032855972439978,7.345256450091469,0.906395866836442,4.51799791853269,0.4138520666503906,0.0,1.055199150748385,0.0,0.0820260167166921,0.0002026497046152,2.667177147335476e-05,0.0,0.2093691284522745,3.054662857078578
2023-09-18,4.14645717690097,7.721100312271116,0.9729560331402884,5.075536513652802,0.8430136855861876,0.0,1.02511251132475,0.0,0.0940949348188771,0.0016776493660608,0.0189379508668846,0.0,0.2199130773597293,2.9440770551457667
2023-09-19,5.041819377862082,8.763417307643891,0.7841078024808565,7.702518074522018,0.6739608275793659,2.899017069074843e-06,0.3506894431837399,0.0,0.1021718495750427,0.0001612137858072,0.0139419001750151,0.0,0.4327682420231236,3.069996787341568
2023-09-20,6.163775883492892,11.005819047512476,1.2944892578342226,7.0360695262848,0.5426071859742535,0.0,0.434624042450322,0.0,0.1776334231367376,0.0001507376141018,0.0040956815731525,0.0001971110534667,0.3751771172598998,2.908989441765017
2023-09-21,4.304225830332437,7.961066246556174,0.6648095326725642,3.717224194764561,0.0488920513547791,0.0,0.2549284950647089,0.0,0.0667435664778285,0.0014011462839444,0.0052225624374548,0.0,0.189371856436332,3.5689228042500547
2023-09-22,2.300989332020018,6.636417849667867,1.3178802398247187,2.4952287296901807,0.5101004379529424,0.0,0.3830116140699386,0.0,0.1723555741720729,0.058819605966409,0.0387244757379425,0.0020398928703202,0.2616708425321844,3.4946723384201523
2023-09-23,9.109981243066793,13.94811432164722,0.8196783514086408,6.370545460579395,1.0497014033320216,0.0,0.4885194964547952,0.0,0.1378932332664066,0.0238506687433189,0.016931684797075,0.223414454741213,0.7518663343630896,3.628950008527437
2023-09-24,9.51483233946681,12.976954939174648,0.6740500657550494,7.132116696809661,1.1910710579011177,0.0,0.2831447445550229,0.0007297987397511,0.057454679570198,0.1225393559282355,0.0031575179869598,0.0038267812074555,0.2312092114032639,3.265503187683953
2023-09-25,7.835999410185814,9.815658454848398,3.0379300982581245,4.92337457323869,0.4291527558709515,0.0,0.5741251541108556,0.0,0.2287942677235603,0.0072531522247526,0.0388680085188812,0.0005204552012019,0.2677498641639286,2.833131366119782
2023-09-26,4.972971875004239,8.886277561662462,0.6540797182883157,6.638494419905079,0.2027339619950453,0.0,0.1666707611311806,0.0,0.0751049105873372,9.359084076351591e-05,0.0,0.0,0.2034634935102197,2.6972587381366893
2023-09-27,5.087834674889777,9.386414639085134,1.1353190655186445,5.37136647150808,0.940392630237341,0.0,1.242025604838398,0.0,0.1035286826981438,0.1956510137330161,0.0079748951652314,0.0022428885387049,0.2609895789551735,3.011998152632846
2023-09-28,4.24794173014058,7.661635894991558,0.3784484546648132,6.556276275935703,0.6823189108484322,0.0,0.2944651381635665,0.0,0.0896497952653301,0.1576469691835509,8.42925296889411e-05,2.355547348658244e-05,0.1733207737864388,2.8182820971694262
2023-09-29,4.766258108554416,8.967178980655667,0.5357385225354301,8.49419203465356,0.4832741904041502,0.0,0.3299654847886826,0.0,0.0616082199977503,0.0001908156421449,0.0002319425678253,0.0,0.2559521613364749,3.1365595326360074
2023-09-30,5.074649983885023,8.701652860088346,0.4761885929070578,7.804186082968183,1.2685361217257711,0.0,0.3826686030623648,0.1353262094916237,0.0946040794286462,2.681556860605876e-05,0.0047187164485454,0.0,0.2165922190127107,3.328818987860017
2023-10-01,9.387427211917718,14.487351291376962,1.3865234109184883,12.457634825009988,1.411263943275359,0.0,1.1932830690523042,0.0,0.1360120063953929,0.0021054629532496,0.0094455692777368,0.0,0.2257569234633445,3.199333259001324
2023-10-02,3.444573294892895,7.153010415935303,0.3945181830148821,3.819596838611808,0.7318045398672287,0.0,1.1786969013447175,0.0,0.0466010138324896,0.0006848374632994,0.0069724577803081,0.0,0.6720615582670108,2.873429864197027
2023-10-03,3.793043439086278,7.937215211455028,2.7191992503966227,3.707533521153661,0.7801134786335627,6.013616455925835e-06,1.1131318688306544,0.0,0.0520172330627176,0.0098077340299553,0.0053954343493779,0.0,0.2416618870102034,2.8790767923484903
2023-10-04,2.4998755734480747,7.065927593811884,0.8170299826720026,3.3351024096544584,0.486100255166822,3.078568246629503e-06,1.2261352419422735,0.0,0.0986665808954503,0.0809688925308651,0.0,0.0,0.3578205553004476,3.0573933505890096
2023-10-05,6.04936046072748,10.158821798377566,0.3485526632001665,10.009769278218482,0.8607631136627991,0.0,1.1074639466873806,0.0,0.0765891961309644,0.0993686724360783,0.0020392986856566,0.0,0.20491802515467,2.9171859388805768
2023-10-06,4.841231564599673,8.055407471578388,0.5152242676348158,6.820242894553873,0.5293460217249393,0.0,0.4722266006449858,0.0,0.0429882362618711,0.0895092636158731,0.0002108042414983,0.0,0.0635639048406812,2.756862407144176
2023-10-07,6.285508177531561,9.388871538289388,0.8054919637012482,7.822860293093524,0.8170721567976476,2.939208878411187e-06,1.1697580330354638,0.2685677526696523,0.3437595622996489,0.0011671695352925,0.0284521505301528,0.0394057293298509,0.3084486604327626,2.8973832289694417
2023-10-08,6.037056551416716,9.751613772720765,0.6639664217440288,6.816888914124965,1.019054099942843,5.814026991526287e-06,0.7937393947758942,0.0,0.0278878174724843,0.0109426717864142,9.744996666908264e-05,0.0001907242361704,0.1530690807202127,3.161156881681018
2023-10-09,11.07332294508934,16.371698878739675,1.0603457500574325,14.29339020806392,0.7659264676851696,0.0,0.7446646933926475,0.0,0.3284931500865354,0.1670001807726754,0.0525344930944177,0.0005291020944383,0.3608026357302401,3.0851307628960085
2023-10-10,6.220040787000656,10.177527120696174,0.9840360053896904,4.767168887559309,0.8205574337802993,0.0,0.2081753328784306,0.0,0.0914525668172041,0.1107838157877657,0.0076427978156672,0.0008307342844539,0.3316767364880774,3.5381863119513457
2023-10-11,8.168286827656427,11.596105507810382,0.7582381418765916,4.526075381700198,1.115758657575713,3.107073836856418e-06,0.2533113193892107,0.0,0.1717956266862816,0.0249931349444389,0.0115049159619543,0.0,0.3453791546281178,3.681506502023802
2023-10-12,4.810212197842069,8.998237644778355,0.6770586580586433,4.972356790228419,0.8125214558321899,0.0,0.9536845008104377,0.0,0.0937417711573176,0.0863738026718298,0.0130197304956118,0.0,0.2455149553067154,3.107287468870084
2023-10-13,3.556852782168388,7.6903326193300865,0.4287550799602933,4.858501502013206,0.8006966023405393,0.0,0.8812974226572777,0.6140039503113429,0.1083972763429747,0.0003394446363714,0.006658417797221,0.0,0.1738487154943413,3.155044499908024
2023-10-14,3.435087550534144,7.610063334732056,0.3621231215320694,6.012180831710498,0.5116744871328938,0.0,0.7478748750246896,0.0,0.0757971561164326,0.0027609055097897,0.005366749234067,0.0,0.1528938234127892,2.7753459278988832
2023-10-15,8.607613902851211,12.577940322185093,3.5674290761340988,5.300931669831542,1.734679435723358,0.0,0.793108493365182,0.0,0.1453874498473273,0.0353194621874226,0.0043287689260641,0.0555405867910385,0.3306362516286638,2.8872618982899185
2023-10-16,5.603847951960035,8.178405738961962,0.6007879917536841,6.543826942093903,0.8023301130358378,2.824469407399496e-06,0.8989519399473405,0.0,0.0917740055663056,0.1127235497563415,0.0012159503540727,0.0,0.0889298498858345,2.7952650076038306
2023-10-17,6.195453578973345,9.873770282743244,0.4771703384160995,10.053215516779686,0.5770235515822304,2.9001935323079427e-06,0.6330026105839677,0.0,0.0777430619313981,0.0024573258354928,0.0001410421482721,0.0,0.0635360537616411,3.1694390991475845
2023-10-18,4.701489520096779,8.111356998337639,0.7437345527378718,6.549649217554728,0.8360338573585617,0.0,0.6430956535920832,0.0,0.1493081419040097,0.1359921842401557,0.0148713092923164,0.0,0.2738446090160475,2.9701500876604188
2023-10-19,4.448475298577415,8.35695896934933,0.5132577316217952,6.787318437126478,0.5830234145377742,0.0,0.9229993570201928,0.0,0.1070266376105944,0.0940104464230272,0.0039771547802289,0.0,0.4121807787674003,2.980510055432717
2023-10-20,8.20097454155286,13.027095932263268,0.576504349260595,3.6851820614224007,1.0976335958035788,0.0,1.2465120634799534,0.0303058459316359,0.1026685357264677,0.0133447644784715,0.0093407091486454,0.0105802715100182,0.1413865148704581,2.759827048554421
2023-10-21,9.279628251806365,11.826385735149383,4.381371122268836,2.756396502068837,0.4736070647406578,0.0,0.6948530082545016,0.0,0.3557282533812523,0.0269336355152395,0.0699865199825498,0.0,1.1878528239594566,3.025544334977071
2023-10-22,9.197087924027974,14.05696525952657,1.1175136405038832,6.183344449565942,1.270825761730406,0.0,0.2379463163179822,0.0,0.0490379892068439,0.0,0.0009194620585441,0.0,0.3681983739707205,3.466102302430868
2023-10-23,6.141389982030658,10.569683265772928,0.5364859974861145,2.961779299114016,1.1350937216610375,0.0,1.5210804885978169,0.0,0.0691391981433497,0.0004084804662068,0.0034301383511225,0.0005221967607074,0.5636008098310895,2.66511422503127
2023-10-24,4.547654320982828,9.285061261622108,0.9974409177856975,7.187107727033298,1.0243107634384103,0.0,1.6375986333231132,0.0,0.0644612247539891,0.000816772496038,0.0043828609622849,0.0,0.2211695094182756,3.36702022968822
2023-10-25,4.38039151614158,8.690227587376286,0.7111708797244767,5.181778857381385,1.2111948179347405,5.721807744767931e-06,1.6981212140498496,0.0,0.0587267696464329,0.1460221988500489,0.0023989802347289,0.0,0.2778504304866148,3.4119445509454644
2023-10-26,14.033620323727176,20.35868155348395,1.2573712938158506,20.84873889676513,1.284857844176913,0.0,0.6132542702944475,0.0,0.0670187089620428,0.1192846207258436,0.0001147581464714,0.0,0.2184098630947385,3.0445044231170053
2023-10-27,4.265137000676261,9.012893476178911,2.6757260640083422,5.09631294101662,0.5196001082160737,0.0,1.04342831384129,0.0,0.1448945609725846,0.0,0.0350897374661763,0.0,0.1889615368309286,3.3243106226689285
2023-10-28,4.1198327753554445,8.85440270216624,0.4800516128820843,4.470636270521747,1.374359913054572,2.8802903493245443e-06,0.7723906805936495,0.0,0.0978782503795623,0.0016494949033525,0.0003411369833681,0.0,0.3109786761664019,3.200460993752083
2023-10-29,2.8855395769654377,7.155174367690616,0.6678601730179787,4.1014884250696495,0.9904602459814812,0.0,0.6820175771760941,0.0,0.0428979776850011,0.0001903441378805,0.0035113733120759,0.001947990676297,0.1473302580020162,3.3842602342601618
2023-10-30,1.6136482493797937,4.748435750013988,0.630986411670314,1.0497952863778008,1.1169604167630935,0.0,0.3561004802191257,0.0,4.948113163312276e-05,0.070601849345631,0.0,0.0,0.0684454277394877,2.797214628485309
2023-10-31,4.686096068136957,7.674274736027188,0.4235918795993593,5.700257190913094,0.3947299388819271,0.0,0.5903666192387212,0.0,0.1326166988464196,0.0136165988973776,0.0084952534408039,0.006251878361437,0.1845795624922381,3.49204065088696
2023-11-01,1.373866718436347,3.905532891892328,0.8189188236596852,0.0,1.277145674457285,2.8239713774787056e-06,0.0686095053478082,0.0,4.001578066084119e-05,0.0008001273674435,0.0,0.0,0.1331974768516752,2.571756709183587
2023-11-02,0.9721837236769992,3.595200772764417,0.393050830599467,0.0,0.4451224003916316,3.193935288323297e-06,0.0684858725644482,0.0,2.801872240172491e-05,0.0,0.0,0.0,0.0361073750347561,2.448844088756641
2023-11-03,1.1889638380569882,3.579646456154717,0.4526840431838566,0.0,0.1176001704777611,0.0,0.0682843471442328,0.0,2.67635985215505e-05,0.0,5.6562038527594673e-05,0.0,0.0378680797873602,2.41810216618273
2023-11-04,8.686826339296234,10.828077929295434,0.8895059515910676,9.822274535357158,0.3669946101232369,0.0,1.457639187798235,0.0,0.1024725515241092,0.0003066510224342,0.0378439370380507,0.0,0.3624160975788699,3.502694889966249
2023-11-05,3.151101758471595,7.550753376647102,0.8824201800478829,4.0926176988556655,1.4977313912914858,0.0,1.169232918875747,0.0,0.075302619330883,0.0005147394577662,0.0098474302213721,0.0020047394529978,0.2712448744553989,3.28218819674174
2023-11-06,7.888889450688891,14.380475907613963,1.966064279337724,9.809404056244691,1.3909888583519725,0.0,1.5844823215892576,0.7462308981516627,0.122137885387606,0.014719780503114,0.0132740900241004,0.0252563302901056,1.1674635497217705,3.38939105233007
2023-11-07,23.990175241198404,30.475948870154483,2.084117322537105,12.915660961762269,0.6494952748053603,0.0,1.3289866479092176,6.43580160362535,0.0865076968137423,1.4584466669933,0.0178234011061986,0.3377170239959822,2.065621883115106,4.01332976118909
2023-11-08,10.31689015361044,11.816851591008502,0.6812627113877403,6.166250988538795,0.98112278169526,0.0,2.19900299127804,0.0,0.1289193567355473,0.0734944145909945,0.0381243028852674,0.0009150902072588,0.6069080772177378,3.6693431645190713
2023-11-09,6.397667275438309,11.912400986476474,1.5600530580359036,4.718288479665651,0.6003463469457626,3.2990558942159017e-06,1.0655176996171474,1.6351484445932176,0.0901981180229452,0.0062038562875323,0.0330544564433892,0.0285453324985504,0.9694801240760752,2.9465998364990287
2023-11-10,5.829241320586204,11.395627466985918,1.1569660024250876,9.928963604373932,0.8485786619634098,0.0,1.3544760940727922,0.0,0.1062355963404973,0.0207555093578497,0.0014784819218847,0.0009230770529641,0.2718700396352344,4.001095461392271
2023-11-11,6.767915995570816,11.978586909887529,1.5179781489496762,8.632134797035588,1.3814250645061334,0.0,0.9476142081640826,0.0,0.0758179394458399,0.0486267412931389,0.0042674017165766,0.0056463365062077,1.0223426015600892,3.5466530370667244
2023-11-12,8.300045180525776,15.332508399018185,2.4810257917605507,11.38854390265412,1.0634471152280436,0.0,0.916537777674198,0.0,0.0691031839611795,0.7039598746796448,0.0128063258681032,0.03538421380851,1.2248266969659594,3.784176844712496
2023-11-13,7.338117892991703,9.7864755544387,1.2278521984548036,7.056982214943568,1.2037700699388982,0.0,1.7671118207301035,0.0,0.0719205454732312,0.0003789506483078,0.0329238598019547,1.5538043710920547e-05,0.8132399562939006,3.2677590539938874
2023-11-14,4.755256866487397,8.31630430850135,1.093003693801032,5.5919215108235685,0.9150615809647242,0.0,1.6329280544839966,0.0,0.0927629862754874,0.0833721559725867,0.00344154864192,0.0,0.136088152087397,2.852809377727641
2023-11-15,4.061469463624424,9.971175599221125,2.086510263109207,6.79756899315834,0.6250555332215627,0.0,1.1944663324863378,0.0,0.0589881201144059,0.1892372142031457,0.0,0.0203573898008134,0.8335883724796772,3.283811497112909
2023-11-16,4.244992404337988,9.986733997857836,1.2223187189200189,6.932359836915333,1.1012866681573128,2.792964776357015e-06,0.7287890441791215,0.0,0.1129493564285172,1.4021062084380786,0.0101242174065113,0.0262897797016302,0.5091910166332457,3.594758911065261
2023-11-17,6.375299975896411,9.59418226480272,1.0700748311980566,5.04138182091607,1.2113600923320982,0.0,1.879439736999936,0.0,0.4425580808076593,1.1753971789884567,0.0424445907730526,0.0233890651153193,1.0532549419997796,3.5228320156758364
2023-11-18,4.994498588928646,8.53479953941769,0.9029217082020972,6.513893870026801,1.9470870040965085,6.015316910213893e-06,0.7707255671268038,0.0,0.1177392903411388,0.0716734009737438,0.0047083778974745,0.0003314833553632,0.2392239582824707,3.3508741338760326
2023-11-19,7.093671485079129,12.209971574251387,1.4402203296467997,7.747981689485444,1.4021134188613624,2.83992952770657e-06,0.8590975381118722,0.0,0.2421881198064486,1.135900484114488,0.0050254178227318,0.0474750046389632,1.0536516334184012,3.769940875461234
2023-11-20,6.04519803308752,9.218472429409026,0.7073420356734593,6.78503558148702,1.4005469622042444,0.0,1.621691667173571,0.0,0.0866222810717423,0.0003547851496272,0.002030276618931,0.0004423607153362,0.3530096596965524,3.754538919647535
2023-11-21,5.438344130168492,10.008941219418844,1.4115197225840883,7.831280345417658,0.7256153157744143,0.0,1.3811174420747494,0.0,0.080831708574295,0.0,0.0220747801646921,0.0,0.9007867939680152,3.3568808466133806
2023-11-22,4.829507712789112,8.950294582566155,1.0119232946358787,6.642602196694215,0.5149139599441157,0.0,0.949912179696295,0.0,0.2232396417424413,0.1015883205273416,0.0063496769482559,0.0,0.3067676907065179,3.591740063535769
2023-11-23,3.943630226624277,9.966147784438665,2.057723679704666,6.083176260954273,0.8861747332649761,0.0,0.8021822576513555,0.0,0.1585202665159437,0.077153243105279,0.0026286489490667,0.0004140261824925,2.118893476422231,3.464768125437101
2023-11-24,6.703516348018646,10.572713324943118,2.84986019017246,7.535458349996937,0.6560778935702641,0.0,1.023107203270462,0.0,0.1899392302174038,0.2134903035593033,0.0471075440686278,9.087790913052027e-06,0.8265297594613499,3.268052633655204
2023-11-25,5.04654978187826,10.788211184942456,1.3106589229101602,8.98295634550068,1.247489918037653,0.0,1.583887186729908,0.0,0.0703522641503811,0.0006008682990074,0.0004931914289792,5.232571919759114e-05,0.6332552904669443,3.5888232705349385
2023-11-26,2.930219475814501,6.555050113114251,0.4012679981554879,4.017738690990871,0.9477063243378534,0.0,0.539561261887153,0.0,0.0434702321881718,0.0,0.0035829685484038,0.0003975893730587,0.1336514474010467,3.126645524778632
2023-11-27,3.505077611366378,7.517612843778398,0.4746302231905195,4.452867670736312,0.7739466123048465,0.0,1.2936999876523017,0.1269995798214276,0.1870389398120509,0.0774887372861968,1.367696391211616e-05,0.0051393623224894,0.3242311071091228,3.4428158284403216
2023-11-28,2.373142495421304,4.236170824279785,0.3978854161662525,0.1991044962533315,1.389227987537384,0.0,0.2813418000392119,0.0,0.0655426495775911,0.0842495907239119,0.0001728255861335,0.0,0.1471348220667574,3.245574977111949
2023-11-29,6.118379898788134,9.01221627104865,0.7828032435295316,6.572291503028604,0.7890471149436633,0.0,1.4485974820815193,0.0,0.219506997387939,0.0081372393650478,0.0326461339129341,0.0080178732724984,0.351729685082833,3.555203800794416
2023-11-30,7.751666835268869,15.272228242717318,2.619774732700453,7.905141581830184,0.9094698300500712,0.0,1.4358702613390817,0.0,0.2887060398586591,0.5363104384111034,0.0190383133276303,0.0352859714310698,2.6526111387797195,3.655715506630076
2023-12-01,12.72071526178254,20.07724817744785,3.644674559930165,10.664363264697393,0.5558556685829161,0.0,0.585708960106108,0.0,0.2064341443803575,1.1333361705215772,0.0184842635137504,0.0276710418938265,1.3374787483546466,3.620380281731685
2023-12-02,5.023270870962143,9.710147534705268,2.8305359861108994,5.074401567086114,0.6242172021414175,0.0,0.4340451443641714,0.0,0.2366765688392851,1.3527929600303703,0.0230458787846565,0.0227909644748104,0.6810177700497045,3.700293634007374
2023-12-03,8.92357782148944,14.424109636575912,1.3807013669652408,6.98876889328983,0.9241607512703204,2.831583817799886e-06,0.775283880423175,0.0,0.0775533997347619,1.1538471738864315,0.000186398648156,0.0327519115695688,0.2442908533487055,3.208038685512544
2023-12-04,3.3083849104219007,6.611381117685106,0.9019888262719578,2.894308664771716,0.8754851000669267,0.0,1.1521590858259467,0.0,0.2651813210201263,0.050777063202593,0.0145931318073802,0.0140726686350504,0.3882139235679308,2.983693265150521
2023-12-05,6.972006893424989,8.396254013752406,0.9180809247194396,5.91064223929988,0.4875192563933797,0.0,1.0453195487622418,0.0,0.0866643137935797,0.0154913852066463,0.0102846980248557,0.0008131723332405,0.3881561343154642,3.5276538972040017
2023-12-06,3.8697076504357657,7.989351655495962,0.703492157734765,5.64515074544006,0.5847042930477195,0.0,0.832175208488173,0.0,0.1031352585366037,0.0006210482739077,0.0071895449932416,0.0002944167968961,0.314139992833005,3.4862681579928925
2023-12-07,5.176389357188012,8.722964527236089,1.1270534630057545,5.984225271588431,0.6431790988483693,3.074514600965712e-06,0.8341927686456839,0.0,0.2029542435570557,0.0611918389586607,0.0342951520348919,0.0005281157203515,0.7033941677126619,3.677339840829637
2023-12-08,2.937748694943251,5.453484623988,0.2127427332613413,5.521818132052951,0.8882060913388995,0.0,0.3525044292710013,0.0,0.0592813290312803,0.0,0.0047601273869143,0.0,0.1100881071323818,1.793143568572077
2023-12-09,0.2138886694977725,0.9847212798239848,0.2643127179402565,0.0097535427067014,0.1158754792473315,0.0,0.16339151897161,0.0,0.0204378888708766,0.0003855298713843,0.0012465220579836,0.0,0.2803684261863761,0.6267212411092329
2023-12-10,5.266779674817721,10.672937990396289,1.1442503842740588,8.39998005841944,0.9654892088010576,0.0,1.81393805710978,0.0,0.0812437401170201,0.0,0.011488305530548,1.4864734013875328e-05,0.5349784356775549,3.766259168841441
2023-12-11,4.16523514582263,8.543935349436866,0.9387586564299796,6.294125137430827,1.0026080117518372,0.0,0.7758652502932812,0.0,0.2392364979985025,0.0030913432894812,0.0107515538903077,0.0,0.5532588951309523,3.517367299927738
2023-12-12,5.352487608538203,8.881518497893016,0.4619134434085422,5.726129601956474,0.4738349034783575,0.0,1.746089022437864,0.0,0.1914556075713369,0.0003066295141643,0.0152374842688772,1.1924862066904704e-05,1.0129336681446763,3.7358657016416377
2023-12-13,5.781364860534668,11.189751894552444,0.6702620043251248,8.521508883226183,0.7069036431610586,0.0,1.1975975802385808,0.0,0.1168772404776679,3.049287555627293,0.0008914165084891,0.0,0.1942817102738221,3.362171889034244
2023-12-14,4.388506454077827,8.205289852261014,0.557005263607237,6.291055078080495,0.5153526144386662,0.0,0.8773257965019015,0.0,0.1002885666889614,0.000341049258444,0.0150922794495688,0.0,0.4214489602813456,3.2918056624898653
2023-12-15,5.24539124180264,8.367652451650832,0.5814817092765701,6.815988535218769,0.8375645189246866,2.822234100765652e-06,0.8794683780229091,0.0,0.1193479759501086,0.201504315056006,0.0136465726068284,0.0014847167796558,0.1193836769945091,3.157166357934342
2023-12-16,5.120193081648086,7.720163220257231,0.4568334081686868,6.481703043089973,0.7067219308041202,0.0,0.4500859070279863,0.0,0.0833813813943333,0.1505717920324537,0.006654255074395,0.0,0.1069234960661994,2.8681006450924604
2023-12-17,5.121403024198743,9.75597995566474,1.475576785931323,8.628158058928914,1.0937192051155038,0.0,0.5233235331761836,0.0,0.0877749720138973,0.0002760213404231,0.0094797999562157,0.0,0.3020417807221413,3.4295812017852727
2023-12-18,5.056153616812495,9.807858577473954,2.937398343624274,6.317341977070702,0.6762232260515955,2.8724453184339736e-06,1.1058604864982764,0.0,0.1945204714924759,0.248237868980964,0.0166933348112636,0.0,0.9022987772083282,3.138848667853408
2023-12-19,3.67930015525076,7.701992438502842,0.6811589928785959,4.702719391200277,0.63049156709724,0.0,1.2983225205495623,0.0,0.0550961167617638,0.0004098463078339,0.0034088671149147,0.0047924990802341,0.5436246269338662,3.1674515962550376
2023-12-20,3.528015361726019,8.20568565431595,1.1480629656298955,5.38980950735834,1.0916254371828502,0.0,0.5587298233396477,0.0,0.1702631269272168,8.451810876528422e-05,0.0001690331734551,0.0,1.0136682442582978,3.235209856212934
2023-12-21,5.783092153487206,8.514096713720956,0.6657392700804605,6.696865803823206,0.8972014107514753,0.0,1.1334010068186122,0.0,0.361354996276829,0.0006349418853388,0.0090899586025873,0.0,0.2218394066529803,2.9626584508826994
2023-12-22,3.193440171776877,6.826421472240025,0.5545180341100693,4.734703282504611,0.9670161712176272,0.0,0.4166341293870079,0.0,0.110533017785814,0.0016207195455498,8.01241676012675e-06,0.0,0.2649620450491375,2.649851970143054
2023-12-23,5.395967654160923,8.223075885410308,0.9253949280820952,6.035463820843962,0.787073968553278,0.0,0.8390474894351428,0.0,0.1059797844335768,0.0146062939217355,0.0290168654305405,0.0,0.3474713646596007,3.1570154870880978
2023-12-24,3.735772134233581,10.694524925106895,0.9446793437144494,5.781982406664955,1.0555064905002387,0.0,1.7295835628749263,0.0,0.1510186581216918,0.0499821373275915,0.0077548882000976,0.0,3.539762175686094,3.365066547917392
2023-12-25,1.0801731866582234,4.48910168744405,0.4066724573151271,0.0,1.680361686161359,0.0,0.313987590991391,0.0,4.472423593203226e-05,0.4309257156150871,0.0,0.0,0.0612986335563659,3.3323230522224643
2023-12-26,4.899137425860298,9.52364167081409,0.3601126970264646,8.380635801597965,0.7696681446223789,0.0,1.6970989743574458,0.0,0.1725538469800684,0.0003266189956665,0.0,0.0,0.2030937024503284,3.082508184891806
2023-12-27,3.4329342773887848,6.424594363464781,0.3345148779376348,4.937662777750227,0.6555068454870914,0.0,0.3862637015983792,0.0,0.0556352378657129,0.0,0.0,0.0,0.0900820269878705,2.385166014023092
2023-12-28,5.896154709410667,7.790739600283305,0.5630589174805746,5.462658258951506,0.6122657127462493,2.8594509760538738e-06,1.7121397446698614,0.0,0.1309126768365171,0.0028184781659973,0.015945593663454,3.515879313151042e-05,0.1463217225343651,2.8143907054662707
2023-12-29,6.013373368402587,10.221050210723876,2.6860523620367043,6.67720956694868,0.7942708409329255,0.0,1.619153074827592,0.0,0.1286715160132779,0.5846279439698325,0.03037079639607,0.0233667715699142,0.1138079319306214,3.198059324403206
2023-12-30,2.9102212069129934,7.716126959771049,0.6460585221489271,4.109728708513048,0.7382510913095207,0.0,1.330959166771836,0.0,0.1131639768078592,0.0001388434750503,0.0126951018571853,0.0005726829608281,0.9830406994369294,3.225495673044125
2023-12-31,2.3717521136617665,7.3366061860296465,0.5498919511161912,3.8716354706305927,1.315844344742298,0.0,1.7600608787884973,0.0,0.0838822545317809,0.0001821502667003,0.0027192331292894,0.0,0.1362462112787034,3.24074649355332
2024-01-01,3.105207304421002,5.991731952813466,0.2249172814803653,5.602902838693725,0.7958722025479211,0.0,0.4107531994264655,0.0,0.0899854268319076,0.0036528743649853,0.000700425431066,0.0,0.1092115066141552,2.3693228439564176
2024-01-02,5.015778488369518,8.054790360950895,0.6158123613169457,5.564670872265233,0.8105586533300081,0.0,1.5771472944103346,0.0,0.1469892979370223,0.0,0.0098976427392164,5.862542576260036e-05,0.4123269079434871,2.90163226985693
2024-01-03,3.663165932417447,8.251380648907556,0.4222900490744908,5.82843836221324,0.6867534854655795,0.0,1.513567180322276,0.0,0.0580979078443845,4.9932478268941245e-05,2.312721159723069e-05,0.0,0.5532562247490883,3.0731438597912257
2024-01-04,4.510492366871302,6.409115739254421,0.4397228896419208,3.474218760387102,0.8542262577394646,0.0,0.7283955114344755,0.0,0.1241510598324405,0.0013534444193045,0.0076469847242037,0.0007118882142172,0.5170840534868504,3.002688142779668
2024-01-05,4.56983926806238,7.252270974856481,0.4447648750254843,4.496326542926364,0.735985088719527,0.0,1.342562503763835,0.0,0.1367413818142149,0.0013541539133919,0.0148344356347454,0.0,0.543288398982419,2.921013497841624
2024-01-06,2.908136407425669,6.739400632682376,0.9208960897167524,5.04694883690728,0.9851403031773038,0.0,0.7728443020975592,0.0,0.1380337268306149,0.0,0.0079447008093198,0.0,0.604694111885892,2.404936338076724
2024-01-07,1.298122153169844,5.18444154912101,0.3216765221736166,1.4530209560550582,1.1241234060965644,0.0,0.6970358967634043,0.0,0.0556092360308435,0.0,0.0,0.0,0.4280046089299519,2.9798406249123155
2024-01-08,4.555302319375144,7.910044031372069,0.9591583554418882,5.209359524963697,0.8115642143829662,0.0,1.2104284226360589,0.0,0.1715725137466854,0.0002081700772709,0.016571819048855,0.0,0.8331106375843947,2.691439215999974
2024-01-09,4.038102187736828,9.037446823293896,0.8752818437412049,6.5988580007770326,0.9646821728610993,0.0,1.3809812570958668,0.0,0.099341708438264,0.0334257910475465,0.0212275421165095,0.0,0.4355262251072458,3.4602379197423985
2024-01-10,3.532798594711091,7.595444585823483,0.3748833726061715,5.453346329672071,0.6637462894659574,2.8404604064093696e-06,0.6986306926576297,0.0,0.0748377534896797,0.0,0.0004742362056838,0.0,0.5776620279494922,3.278322201576763
2024-01-11,3.119167710102929,7.626712743879952,0.4584624905745187,5.041450632238653,0.3177205652671389,0.0,1.4892539330757988,0.0,0.0814333513107564,0.0004101412215497,5.018425861994426e-05,0.0,0.6023505105711354,2.8570040024602408
2024-01-12,4.419812670930226,8.922632442001767,3.7533955239661534,4.903221477059258,0.491115917018652,0.0,0.5768519030494159,0.0,0.11094939366738,0.3741936291270786,0.0333314259497324,0.00067829403162,0.1215336210279994,3.1115637261321814
2024-01-13,3.5423012539614587,7.763006000595093,0.7054131837124296,3.3461144193206893,0.9838814731515784,0.0,1.7402018744213048,0.0,0.225546577648984,0.0044438926156361,0.0173680618749724,0.0005894839888148,1.5381679015817906,3.2510640946492884
2024-01-14,4.218401928013694,8.285452688297694,0.384614631866879,6.575647516183323,0.9518205964495076,0.0,1.0886525524875852,0.0,0.0930574535471863,0.0004477707799275,0.0006402916329436,0.0,0.3086678475051456,3.231558877284527
2024-01-15,4.297412471337848,8.832408729665543,0.8558060588600902,7.745239519629214,0.7197708475906319,0.0,0.9384793676793578,0.0,0.1230008213330639,0.0003073179349634,1.3899636003706193e-05,0.0005251924210124,0.1632380239274767,2.811636914561457
2024-01-16,5.086134486931695,8.057827240867613,0.9643563774434724,5.240004713111984,0.6470904677395025,0.0,1.088819060840739,0.0,0.2497936932145225,0.0001559864756796,0.0103439174531565,0.0,0.3017470454829269,3.6048035690551328
2024-01-17,5.780210683252547,9.487494106422,2.524810162585577,4.934858144843844,0.6237789254354107,3.0140887366400823e-06,0.8762287728447384,0.0,0.1057261363126172,0.1811482375192641,0.0153227210652828,0.0010251015815469,2.0096319001313048,3.3763347803950308
2024-01-18,3.3393692672072515,8.455429291123284,0.3780960154586368,4.952386518554688,0.6904333503519163,0.0,1.3455809438296158,0.0,0.0885583635903729,0.0001615071837107,0.0013445779497093,0.0,1.7884215165233612,3.484134405602746
2024-01-19,4.802985387884776,9.08014123316447,0.8441598610221015,6.628235511125459,0.5040632582959865,3.1381996472676594e-06,1.5475817665198115,0.0,0.0672439622424708,0.0005976738299263,0.0124490845435195,0.0,0.5412104793789652,3.422318124644359
2024-01-20,2.7080985639593345,7.224540660131242,0.4921321758524576,4.240480042775472,1.2265522284487884,2.7785200542873808e-06,1.3010508162608414,0.0,0.106088585577276,0.0,0.0,0.0,0.5036463729961712,3.076558034038676
2024-01-21,3.0365135785791613,7.718260703375076,0.3680927043885654,4.826417726854748,1.2527499444834391,0.0,1.9283342983820704,0.0,0.0875734768972132,0.000167124343978,0.0027933916866779,0.0,0.2317447101195653,3.155867790624698
2024-01-22,3.518656663983134,7.602051783277723,0.8064001519147557,5.36662907801787,0.6618293836208184,0.0,1.0332264767516983,0.0,0.1892132785243458,0.0,0.000179929810365,0.000537633093463,0.3698372812101576,2.738949007175896
2024-01-23,5.483395703816413,7.355283580557507,0.5063397113903363,4.690295191531711,0.7191391303442585,0.0,1.0210981647102035,0.0,0.1051384697810808,0.0374516128808922,0.010286719191869,0.0,0.5056518618697591,3.0857187876505328
2024-01-24,5.361040730932553,9.115309896723431,2.4988280466257207,5.972917897002963,0.6771789281010628,0.0,1.005749177316427,0.0,0.1560322437629435,0.3500725082290173,0.0105084560423427,0.0020162754869461,0.3906895578698316,3.159283947368993
2024-01-25,3.430502278196547,7.558928691844939,0.4611645182469157,5.360323443948428,0.7487780953425831,0.0,1.2780789433493878,0.0,0.1988533506205346,0.1302756749799516,0.0044505673019091,0.0,0.1271930189029375,2.892744942009051
2024-01-26,3.225164895304574,7.168040487321216,0.4959348380581538,4.643560790278117,0.689099953224659,0.0,0.6479765689167711,0.0,0.1331834093843566,0.0048397376717461,0.0013763417312833,3.337446610132853e-05,0.0095361320198906,3.611960336988237
2024-01-27,1.205679714558919,5.2661093029806345,0.6134854074925846,1.37226801431338,1.60544466069897,2.937544716729058e-06,0.4580321344930596,0.0,0.0550966233028305,0.0028464664104249,0.0327050717692905,0.0,0.1252011537071069,3.4742814510483213
2024-01-28,4.573716399041282,7.729627413368226,0.4726820512723921,5.878397219187419,0.6043464094699753,2.8865544001261395e-06,0.3818633937300575,0.0,0.064752851951917,0.3934110732825597,0.009687801180813,0.0,0.0899419857872857,3.336075092052221
2024-01-29,1.3312477764288582,4.139717156647577,0.399013366856575,0.3757316590722402,0.0713813492340511,0.0,0.1458184455286131,0.0,0.0111692406083477,6.087277677324083e-05,0.0,0.0,0.4083529497079053,2.8465444912240243
2024-01-30,3.4621938669061665,3.971411132611169,0.5230755860947238,1.7030791227616202,0.1148707162347104,0.0,0.5800192467833891,0.0,0.2155744298313723,0.000188162697686,0.0010485515846146,0.0,0.6147473302263683,1.9059365853316257
2024-01-31,5.065175483970641,9.194645339779326,3.08610962915606,4.815418999023968,0.7611183231080904,2.8379927741156683e-06,0.8518549660517111,0.0,0.3619065909600258,0.4374240967276361,0.0624785194336043,0.0720370747343699,1.207443014529016,3.1906056036965054
2024-02-01,4.20065793182532,8.61406925748613,0.5347321408987045,6.911531799403828,0.3468413463130261,0.0,0.8393938433098792,0.0,0.1083623822616206,0.0007363029236263,1.6261322498321534e-05,0.0011970344622929,0.8816452164951961,3.142545415967173
2024-02-02,4.007260466283161,8.651519922832913,0.6370981716374557,6.971006532991197,0.2138260075986385,0.0,1.2543406103225547,0.0,0.1774868597357803,0.2213822493954499,0.0,0.0,0.1452345106228192,3.0504758245427084
2024-02-03,4.287478470856348,8.123384135104285,0.4226603228897517,7.140344870550102,0.8944512138360077,0.0,0.396511649554438,0.0,0.0689576933513747,0.000153565044403,0.0048119295301702,0.0,0.1183041129893726,3.3445535505301427
2024-02-04,1.735295116607878,5.342526001461876,1.0255265868928698,1.7835447227276695,1.776263926026556,2.9252203305562336e-06,0.2030505085300074,0.0,0.0201358354100916,0.1742975525557994,0.0072177125860585,0.0035770237329271,0.1230373468014928,2.960200649336973
2024-02-05,6.672759213102659,10.677750271157162,2.31381683972862,7.000458996720314,0.6001372080217467,0.0,0.8017224596401056,0.0,0.2788963078207439,1.3126018485750093,0.0189472419155968,0.0416368773041831,0.7155574151407348,3.651022744005786
2024-02-06,6.4676933765321305,10.526558000225489,1.9337666153152784,7.436567604851987,0.7853094287435215,6.112015512254503e-06,1.1047076190516685,0.0,0.1081226922369003,0.9107574726804096,0.0058771765871842,0.0654686861815717,0.816513628275262,3.403806705281999
2024-02-07,5.023883916708628,7.067096252212525,0.7674783684757022,4.597757018831041,0.4511095487660832,0.0,0.7202773372793198,0.0,0.1611920337335268,0.0,0.0222630076919661,0.0003548400942484,0.6305181422347492,2.6958700533346334
2024-02-08,2.5521837209606173,6.466936242283716,0.52256439374076,3.040933891175588,0.2701649532262484,2.982753912607829e-06,1.1972134427184524,0.0,0.1793554110083315,0.0058034507168663,0.0100302381520801,0.0,0.5471790855647457,2.9630569966288407
2024-02-09,4.100004717512131,9.268861735638511,0.4815210697870785,6.970083266913627,0.9053934937082396,0.0,1.4756204154071542,0.0,0.0538429523086547,0.0016204813345273,0.0018810347860389,0.0,1.3231581818932958,2.877429643709528
2024-02-10,2.0300912192519505,7.687102606889938,0.6787571571148766,3.101060687157578,1.4840276180663372,0.0,1.9865965506231789,0.0,0.0511116344560517,7.628544966379801e-05,0.0,0.0,1.2213303711382548,3.0049573329414256
2024-02-11,3.636718215262095,8.772721474931505,1.8897603976307973,4.296176406088405,0.596092277831104,5.789930555555556e-06,2.251564366601573,0.0,0.0620047715057267,0.2351374260875914,0.0152269048741128,0.0,0.1046751247240437,3.1444420674092246
2024-02-12,2.7038089273526933,7.439567071687911,0.4923037853693963,4.727090580529107,1.81627310186916,0.0,1.113354357676109,0.0,0.064285804371039,0.0003606402720345,0.0099033113182915,0.0,0.1343893472968207,3.306420095566379
2024-02-13,5.512930041829215,8.956305633282131,2.350442044597997,5.514689068542323,0.9385704117124612,0.0,1.6659831384540933,0.0,0.1105103876647684,0.1517478778399361,0.0048927516942554,0.0,0.1731514118149545,2.8072833235491648
2024-02-14,4.011540289688639,6.777424990893471,0.7760756352551779,4.238391487572458,0.1309347430519263,0.0,0.8708820963984064,0.0,0.21598882089191,0.0,0.0193526446045769,1.5964682367112903e-05,0.1049170682819684,2.6527532521990933
2024-02-15,4.117918049091764,3.710586349190607,0.687494134279357,0.0,0.0822013470641772,0.0,0.0734193757420116,0.0,4.751186105940077e-06,0.0,0.0028462768695089,0.0,0.0458137105598714,2.4703553499109225
2024-02-16,1.1730279910373689,3.751049963855744,0.6922971217793887,0.0,0.086702204732365,2.8093412187364364e-06,0.0912075518998834,0.0,5.708952214982775e-06,0.0,0.0,0.0,0.0417192970169915,2.51264470441752
2024-02-17,1.468933518907229,5.3234567521286005,0.8960215430140493,0.9465354182611572,0.8129230479510624,0.0,1.0132171327197552,0.0,0.0878246437356207,0.0002381833537419,0.0008657900283071,0.0,0.1686858756841553,3.0950792278756034
2024-02-18,3.517580859616068,7.694026650954351,1.075114757780234,4.057439085976018,0.2767409772831863,0.0,1.13889783113824,0.0,0.0618751576758755,0.9288628472008972,0.0007109153572718,0.0,0.1054554362636142,3.23206773750239
2024-02-19,4.246183094619646,8.26733877020518,1.1512705635261538,5.56905103022443,0.0016521822308169,0.0,0.6541844927839436,0.0,0.0854293797922134,0.1532615317493014,0.0020944576297865,0.0016672744872834,0.4320311309081978,3.742624233642287
2024-02-20,3.634005313142141,8.821157431610958,2.090145277663867,5.994835531507598,0.0014532253543535,0.0,0.8524999104233584,0.0,0.133156851967838,0.0008377331662178,0.0059524427473545,0.0,0.3070203554957443,3.337061865821282
2024-02-21,5.533953227976693,7.228125187746683,0.7553979799077246,4.826154943064848,0.0013667807165781,0.0,0.6858110016140675,0.0,0.2995013630701436,0.0020677289965417,0.0316182556593418,0.0,0.0377727926305929,2.9653565060550635
2024-02-22,3.48377526758194,7.615168365662892,1.0961204831825362,5.151368808044857,0.0013752785982025,0.0,0.2691363646431764,0.0,0.0729447753341992,0.0008777331686019,0.0117003225072224,0.0,0.1202855544988314,3.34598392755217
2024-02-23,3.8191847230439713,9.441844612982008,1.3304202860652077,6.367142461485596,0.1860293480534023,0.0,1.2758420167730913,0.1981884163233969,0.1039992361112435,0.0,0.002135411615769,0.000126510960261,0.8601663910651207,3.135372584627999
2024-02-24,6.492861969058249,9.913903604746926,1.0030857606408332,4.979433662940132,0.2511519527406163,0.0,0.2277008061912324,3.799491379200087,0.3668535057748689,0.0033793113215764,0.005376171422402,0.0,0.1795094692250093,3.5982167838139003
2024-02-25,2.046164800507757,4.582865727810329,0.3441472552196184,1.4255493225712246,0.4960508392699559,6.10068294737074e-06,0.3055530818674299,0.0,0.0013474517871273,0.0,0.0044689474622408,0.0,0.0002050398964352,2.6315716327724186
2024-02-26,4.378827951700421,9.548854533875785,0.946517750644154,7.958118015169568,0.0010325368654727,0.0,1.1534678562038474,0.0,0.0896829196447796,0.2717158692422178,8.014495333035786e-05,0.0006034290027618,0.4369218036451604,2.9593272135472293
2024-02-27,3.7454750745423633,8.78130205333074,0.8791353755805229,6.668061879246501,0.0008636249550183,0.0,1.1339768280457123,0.0,0.1107688797838158,0.0,0.0,0.0,0.4879545172378752,3.1670834808694
2024-02-28,3.8781274398459336,8.350216643534766,0.616004796385765,6.710527290156152,3.373785879876879e-05,0.0,0.9164838678982524,0.0,0.0978141913976934,0.0477512107439835,0.0020670993977122,0.0005000128131442,0.291661241263681,2.879259491042694
2024-02-29,5.037608786333402,9.455991178010306,3.952824648813672,5.696661751809915,0.3235231824432479,0.0,0.8472535947332117,0.0,0.0755017350671026,0.0418048065924644,0.0118211765342288,0.0005485180950164,0.1373234269429578,3.151700931127734
2024-03-01,3.8594686539655263,7.364063403322431,0.9468494563240476,4.199341590580411,0.4180264226224687,0.0,0.893827270586358,0.0,0.0842449704607327,0.1786807773918575,0.019503615247541,0.0,0.2218975259134504,3.276105603416364
2024-03-02,3.2320929438458554,8.146224249596067,0.8345141108801627,3.88869014292611,0.0230230448403623,2.817823621961805e-06,0.5823429005931484,1.6711665670816105,0.0777314205617374,0.0,0.0018090496607621,0.0036869874604543,0.3947418226517571,3.3318140273425314
2024-03-03,1.3434854783556198,4.235356777142419,0.3466493174862861,0.6043552179482248,0.2072815638862715,0.0,0.3195489051074451,0.0,0.0123961874859862,0.000294153453509,0.0,0.0,0.0,2.8079596421164945
2024-03-04,2.2671613542281266,7.289702821049159,0.6750116459348465,3.622374986626308,0.5904727373998694,2.779801686604817e-06,1.4362402504286502,0.0,0.0794177027049329,0.0001476267006662,0.0,0.0,0.0963947335380978,3.3624012006787463
2024-03-05,3.447999791639116,7.239340344505312,0.997848051103221,3.623081658443875,0.7644520637944009,0.0,0.9777352414653036,0.0,0.1224912566892306,3.18976628780365e-05,0.0210388852307531,0.0,0.409651912482712,3.140651051772436
2024-03-06,3.945001289023293,8.852204311387801,0.689051999988291,6.871691147614586,0.5905713480487134,0.0,0.8988653978055052,0.0,0.1621104401796394,0.185414122373263,0.0032843975313504,0.0,0.1299009037033716,3.619958900166088
2024-03-07,3.974284012747341,8.863101992212933,0.4710092538250817,6.628012318929036,0.337212407228417,0.0,1.414136982847982,0.0,0.1054212928561369,4.731048372056749e-05,0.0019225664006339,1.308884408738878e-05,0.6539025000512599,3.3866746782550554
2024-03-08,5.930906022945512,8.529794360584683,0.6320494420509868,6.675370205322901,0.2766649859873453,0.0,1.1905657065040536,0.0,0.114933522176875,0.0001113540914323,0.0276258735056718,0.0,0.2697046475664775,3.0019161130029626
2024-03-09,4.690649128954675,8.139180786179438,0.5190637364080216,7.4107110799662275,1.144154137963454,0.0,0.4504739018876023,0.0,0.1354906660567389,0.0,0.0045114625053935,0.0,0.0712675774443149,2.7667458270413348
2024-03-10,3.1847688393783566,7.262289277932908,0.3173412898977597,5.350233943596416,0.3838840132065613,0.0,1.2413932869713835,0.0,0.0217100093212392,0.0,0.000600658201509,0.0,0.0776546556128396,2.7555233923512032
2024-03-11,3.669686319656372,7.467304781875608,0.6769726570717495,4.842581496345202,0.0009252277200751,0.0,0.5573439478876856,0.0,0.1699996279029051,0.0011327372090021,0.0001899910130765,0.0,0.1700842209977573,3.4777532645418905
2024-03-12,3.435204869302644,8.1252157804256,0.6184866910693381,5.5003585813821685,0.0011420298291577,0.0,1.097770489317046,0.0,0.1251647974394427,0.2519302261312802,0.0,0.0,0.1385558996237648,3.369666313160393
2024-03-13,5.78648944802867,8.394666166877748,0.5555688548938432,7.499538323067029,9.646871566772464e-05,0.0,0.6023363390273516,0.0,0.1053383085400528,0.0,0.0034630481625927,0.0,0.249791962326765,2.6776643884458813
2024-03-14,3.618984998768578,6.631203927583373,0.2140768826830209,6.810880452839534,1.7451901038487755e-05,0.0,0.7352832138272142,0.0,0.1434038858093155,0.0047504736655288,0.0051132712278101,0.0,0.1527434388895829,1.9422446479940736
2024-03-15,4.278001816274447,9.607822890709034,0.983701282231163,7.66664147639566,0.0012287382883495,0.0,1.254798476403685,0.0,0.0434742505538463,0.923422791162067,0.0,0.0,0.2290761374258995,3.1825534585144464
2024-03-16,6.178193516582914,9.826791243875292,0.384714776447614,9.207179310330284,0.180102193855577,0.0,1.5045049012344416,0.0,0.0542426971793174,0.0002917609323395,0.0019880800733301,0.0,0.208453870909214,2.760891999330123
2024-03-17,5.771491909376782,13.28827460793177,4.351031160265871,10.13259007203314,1.0366854428700605,0.0,1.6809629108769368,0.0,0.0599411145228809,0.3477387647332085,0.0011620864099926,0.0,0.7223201765398184,3.3979207975376973
2024-03-18,4.052568738643329,7.579348608144124,0.20216861207432216,7.93736533794032,0.45622175350520344,0.0,1.1966327877052625,0.0,0.06913531282597118,0.0,0.0,0.0,0.0,2.0447547431466315
