Time Bucket,1-Mains_A,2-Mains_B,3-Mains_C,4-Pump-Bomba piscina,5-Air Conditioner-Split salón de fiestas 1,6-Air Conditioner-Split salón de fiestas 2,7-Air Conditioner-Split Gym,8-Room/Multi-use Circuit-Tomas gym,9-Lights-Luces salón fiesta,10-Lights-Luces pasillos y baños AS,11-Lights-Luces perimetrales piscina,12-Room/Multi-use Circuit-Tomas de bar y cocina,13-Room/Multi-use Circuit-Tomas,14-Room/Multi-use Circuit-Tomas salón de fiesta,15-Lights-Luces exterior
2023-05-30,0.6415785300699869,1.1461568136601978,2.496369296044244,8.684838877783881e-06,0.0,0.1062838844132423,0.202706652302477,0.2649980350788434,0.0731086259427335,0.1587085800951057,0.6717172611355782,,,,
2023-05-31,1.9913139336193928,2.732427922800912,7.678138779520457,3.239655335744222e-05,0.0,0.0473666664915614,3.0132768117374846,0.9091249973788528,0.1988929006893105,0.3803711194749674,1.6762072525085343,,,,
2023-06-01,2.014737168392605,3.0037762621630564,7.791176480279498,2.6537551614973283e-05,0.0,0.1784838015680843,2.547866588165495,0.8452381388643051,0.1976540544319152,0.3695256760687298,2.0010335123503205,,,,
2023-06-02,2.0820865745109978,2.8755270543336864,7.135944708143869,3.753351608912151e-05,0.0,0.4375443310202493,2.932588842092355,0.6754479793812167,0.1987143074288633,0.408914728219774,1.7759906563076706,,,,
2023-06-03,1.6195634803803765,2.191637019385232,6.624173946439955,2.322532574335734e-05,0.0,0.0830384201423327,1.2686870801997183,0.359454544514815,0.1976813049170706,0.4021101380432977,1.257376948176755,,,,
2023-06-04,2.767080482673645,3.911393166819148,6.543329091006385,3.193025165134006e-05,0.0,0.3245780311452018,1.3382244916510582,0.5544182973082861,0.1952183596748775,1.2395721072064505,2.046806245954301,,,,
2023-06-05,1.8758970715798269,2.784106193927129,6.436285836797291,3.148551808463203e-05,0.0,0.2237724978129069,1.026820501291752,0.7600358530721399,0.2817307511968083,0.3500601892288526,1.4174494233373804,,,,
2023-06-06,0.7825072052892048,0.9960688472281564,2.5353599427911973,1.4836046430799696e-05,0.0,0.0717901830943425,8.752423657311334e-06,0.241290212944746,0.1100030236196518,0.1459318747491306,0.4115499776326285,,,,
2023-08-30,4.468634433875614,4.230832582511902,9.108052832212447,8.06985572582245,1.1974891076013778,1.227992817685869,7.502878139801025,0.5953200263528029,,,,,,,
2023-08-31,7.817696890544892,4.258306698109309,11.698868048019408,13.464378072082996,2.2366235517713755,2.276429088501401,6.85223315185653,0.7339605317138301,,,,,,,
2023-09-01,7.602754180768331,3.5512971349196967,11.58625468847381,13.442353523968324,2.2309845223935447,2.2688346525340606,5.46701964808782,0.532828168063561,,,,,,,
2023-09-02,7.617734442831674,2.583690891370773,11.50088683283806,13.425672464715372,2.238369699289534,2.2762533411365085,3.566761903232999,0.0002460630957285,,,,,,,
2023-09-03,7.825113861243988,1.4936653935591375,9.691547115847268,13.173648732119666,2.2178208367898726,2.25023673540963,1.4205410721482172,0.0001569404523902,,,,,,,
2023-09-04,7.72388876809796,5.050480783781801,13.347420918454484,13.012280041609076,2.199735500845639,2.231572078436297,8.439654481031083,0.6096667060742113,,,,,,,
2023-09-05,5.5199707477576165,4.80497237000433,10.1018582901622,8.514905665721098,2.194919611910454,2.2213454580216125,7.9433501041163534,1.1506693207628196,,,,,,,
2023-09-06,5.781207038462957,4.957637685529923,10.580309926395415,9.101908433337476,2.232998134305742,2.260626461450789,8.219329206965766,0.7288623648150763,,,,,,,
2023-09-07,5.979197077886793,4.052639114193387,9.752013597118587,8.6221718489986,2.2297949127112493,2.263940359185537,6.407999272208745,0.7599979380794366,,,,,,,
2023-09-08,5.453183020251592,5.81622321923362,11.275286918703712,8.491699272642666,2.226005748613146,2.254142652935452,9.911658417543835,1.1607336951026652,,,,,,,
2023-09-09,5.721293555970721,3.787534851441914,8.793131951045988,8.520254333416887,2.24998393975152,2.274717216525608,5.884542412898807,0.695894229871167,,,,,,,
2023-09-10,5.635531585322487,1.9262466279485488,6.550790873471367,8.553996082068284,2.2585390685780844,2.2845016230964657,2.218023368096881,0.0001861471769544,,,,,,,
2023-09-11,5.549829357148276,4.60017672856437,9.14817779931704,8.406014168895615,2.2480163844002625,2.2725737502839825,7.476687626391518,0.5476717463628451,,,,,,,
2023-09-12,5.802876245123545,4.83280234723621,10.293185146043566,8.378383165273137,2.244427265705532,2.269718645701938,7.966120477717717,0.9462284673145084,,,,,,,
2023-09-13,6.19389866305881,4.2259384776740605,10.13304112985929,9.205123219268586,2.237113210705651,2.264660873379177,6.763988275353115,0.762069023182657,,,,,,,
2023-09-14,5.603319790214963,6.56819799197303,11.523736611480713,8.479392425498432,2.229536637763977,2.252941087055206,11.383047848187555,0.716695041588015,,,,,,,
2023-09-15,5.770412707666821,4.241406397247316,9.434133459076351,8.667747214896414,2.246737343413036,2.271364927476247,6.762543544933532,0.8411791506220236,,,,,,,
2023-09-16,5.714132648393843,1.9213342639838324,6.670911199876997,8.501319127505354,2.2538165312427947,2.279390140425364,2.20146100622495,0.2752947994706365,,,,,,,
2023-09-17,5.6265818480406855,1.531797417727576,5.611418412560357,8.446132458325227,2.236303567831252,2.2597053163825143,1.4421605584059822,0.0009394677809874,,,,,,,
2023-09-18,5.446120351669524,4.753576020520527,9.278165127118427,8.30264381056388,2.242658799671597,2.2633827253150938,7.794994849833383,0.541168332268927,,,,,,,
2023-09-19,5.5609745275338485,3.792880071615643,8.587353448040218,8.338539778114423,2.245464451577928,2.2700236630482147,5.905155689234203,0.7775685693536865,,,,,,,
2023-09-20,5.816722511783177,5.082199407196045,10.490473409685558,9.040366947492757,2.237857934279972,2.261962776987288,8.459216110428702,0.8378525764671961,,,,,,,
2023-09-21,5.589117282338672,4.628453658500247,10.917638632975684,8.376210402602885,2.244217399654389,2.267123631831275,7.556588098649978,0.8414750205012163,,,,,,,
2023-09-22,5.387710336138407,5.503040400941636,11.56079835373137,8.176861972164843,2.239511005848779,2.259905941819085,9.29165872543335,0.5901708273229336,,,,,,,
2023-09-23,5.446105564271079,4.726651198994321,10.642885407873788,8.170683830300439,2.2475115503395924,2.268496817042033,7.746772247375912,0.944749830908378,,,,,,,
2023-09-24,5.437800684547423,1.8458910940753084,6.992026651873059,8.295978477415506,2.267127190363142,2.290329215418497,2.0498651520835027,0.3530963987338543,,,,,,,
2023-09-25,5.416617005518808,4.540685758660635,10.42091187582334,7.918099877345562,2.250297135219574,2.272449278267754,7.362993626880646,0.9567282497466936,,,,,,,
2023-09-26,5.615859162804286,4.655126949047513,10.419641232653724,8.093522850028673,2.245337367981805,2.2699588121901613,7.609107820910347,0.8246074370544487,,,,,,,
2023-09-27,6.27987835916943,5.054650441526837,12.11593724278556,10.271044344355795,2.229072697845035,2.255288583467272,8.416651252811223,1.0961981332163018,,,,,,,
2023-09-28,5.453564610042571,5.37042605542501,12.37373129933887,8.512289913269415,2.1278283827251854,2.147860103185442,9.114421543785731,1.9794731265185936,,,,,,,
2023-09-29,5.937400958674749,4.9866706624137045,10.70753308654891,8.664045320153237,2.2342919161648216,2.2610722676319543,8.270233742174574,1.0711110313219494,,,,,,,
2023-09-30,6.33316222070482,6.637910000900692,12.41433191546546,7.800847939038011,2.2401319463835825,2.2651856816503733,11.52917671737565,1.3818123529606396,,,,,,,
2023-10-01,5.663763169888389,1.5268350698566435,6.978130822137198,8.038143475353454,2.244450714149475,2.268797988859813,1.443537049484253,0.000427371945646,,,,,,,
2023-10-02,5.669843491243785,3.6947404675695625,8.88313486942715,8.881273109388351,2.233463402343326,2.256862603664398,5.702471916942597,0.567763500357204,,,,,,,
2023-10-03,5.658960616841847,5.040795006027221,10.853222546643153,8.457547051610684,2.228775369731056,2.2491935460705226,8.366606438939838,1.0879326006984709,,,,,,,
2023-10-04,0.8938301844628652,2.695277510588964,4.073316965670056,0.0,1.0563928301917185,1.05501083791097,4.563513581154081,0.7104696849865384,,,,,,,
2023-10-05,5.671718241430919,5.332894526729583,11.872948455293445,8.319848864451513,2.240214414312575,2.2617446782578363,8.956582601394654,1.6548430168759825,,,,,,,
2023-10-06,5.913068692497676,2.5690855540296766,8.219686895499759,9.266844992076026,2.25168832432217,2.2794728980678984,3.496093410300149,0.275681986007558,,,,,,,
2023-10-07,5.621524861524369,3.718129754064348,8.596358468953238,8.296456482359568,2.24992115014818,2.2751236976093714,5.760071781405344,0.8144432435260879,,,,,,,
2023-10-08,5.457482463108699,1.5361854442161984,5.583868282080757,8.309998870730665,2.247416821585761,2.273259312176174,1.4533444484064313,0.0001660513238112,,,,,,,
2023-10-09,5.706532516752879,4.874515046227772,12.840764026339848,8.399185590568385,2.250115541725159,2.2715412774742973,8.06424640244802,1.3544402507772717,,,,,,,
2023-10-10,5.384684032131831,3.564357515508864,10.585156574471792,8.159952445697519,2.254643020557828,2.2759757489077246,5.465223020711474,1.088896776299874,,,,,,,
2023-10-11,6.081253204241858,4.315090682361391,12.136908540470335,9.74586574271785,2.241685143263075,2.2672356197018093,6.962606211676067,1.1505593664271303,,,,,,,
2023-10-12,5.448892430896759,4.917047556143866,10.141494039530224,8.332424508562353,2.225319297527738,2.252773709002601,8.144932018902566,0.8778980624744628,,,,,,,
2023-10-13,6.593072447583941,3.878285755073759,10.039899027229945,10.9293172513326,1.4980456038347878,1.5268216086705526,6.642517446913189,0.5546988962337704,,,,,,,
2023-10-14,8.672894171257019,2.433357040282355,11.353942841028635,16.44348935630348,1.9544232282935248,1.9949931427870853,3.4784482358868907,0.7313669350385666,,,,,,,
2023-10-15,6.010157864994472,1.525357261472278,6.405297541233698,9.504919518259896,2.2382297600301104,2.2664938742807177,1.4445850638177655,0.3172836007642746,,,,,,,
2023-10-16,5.862018241923652,3.186994609247844,9.380477888231278,9.359336010142965,2.237596469046274,2.2686058018514847,4.726630535188251,0.6576865361910397,,,,,,,
2023-10-17,6.166583714998035,3.064839020357132,8.780078545651964,9.911239154681631,2.227849611339569,2.258936149090661,4.491778155095843,0.6013590009664165,,,,,,,
2023-10-18,6.645239730788336,3.933370309782028,10.734995019407268,10.50216742339823,2.233481277361976,2.264786844815148,6.2077843942409086,0.8712763941359519,,,,,,,
2023-10-19,5.988095237322912,5.974096226614845,12.544930390495724,9.674697691789731,2.248470114657084,2.282097234107124,10.19873949360106,1.368136242449946,,,,,,,
2023-10-20,6.373638594996135,4.348112464216021,10.772212964684169,10.153213386280006,2.235346583527459,2.268763935178121,7.015020522365569,0.5732694991551506,,,,,,,
2023-10-21,5.97251338919004,3.653286816271676,8.835615080179636,9.245849416055412,2.2366681053649056,2.264371643782721,5.650988316126931,0.7495928799017271,,,,,,,
2023-10-22,6.029929248573516,1.528943354198668,7.079279125684102,9.135332280097538,2.2502783929316204,2.2804424391682936,1.4501852557404835,0.0002170013901922,,,,,,,
2023-10-23,6.181336352402369,4.854638045296139,10.100708399676217,9.119864252792995,2.227229670645396,2.256593440522088,8.017404822543462,0.5442145549303955,,,,,,,
2023-10-24,6.228219693261251,5.042551695601145,11.06493067729526,9.738213613869348,2.2294998567432827,2.25606387210846,8.38547126528263,1.080533433404896,,,,,,,
2023-10-25,7.368915088585748,5.199569379272461,11.286489734302094,10.96524475669331,2.226144811401367,2.2587532814958355,8.70059688062244,0.6420397399950027,,,,,,,
2023-10-26,1.6058324753443398,2.3820650792015923,3.903081451641719,1.0594760556030272,1.2417595041741267,1.2463501041052076,3.802732980001238,0.7914268423594369,,,,,,,
2023-10-27,6.215844938160581,4.3869886803044205,10.039683449509935,10.128904495885106,2.2364268164232044,2.262531847951677,7.088054645655951,0.7665947264067333,,,,,,,
2023-10-28,5.795682858048545,3.757687085803351,9.524703957426285,9.181009349928166,2.2511147441185844,2.275543085051642,5.83298701558325,1.3229245445403788,,,,,,,
2023-10-29,6.107557567360137,4.258912794006136,8.838500658060708,9.27783035202344,2.236238692796495,2.2601854636255903,6.842382736014261,0.0178498010812865,,,,,,,
2023-10-30,6.292367741372851,5.549219640701081,11.44217456761784,9.475545559722317,2.2409644722090825,2.268158433969285,9.37730133465502,0.8685724871807629,,,,,,,
2023-10-31,6.026196537064445,5.8258187547026745,11.609845199782056,9.70068040176789,2.2382020301289027,2.262553028098212,9.913433540590075,0.9134094401299954,,,,,,,
2023-11-01,6.0297795301458565,2.1046417224703893,6.937875518944,8.843118058668507,2.2513592859607274,2.2856646266873684,2.5526338378334046,0.3964412218553489,,,,,,,
2023-11-02,5.284566945685282,2.98872655236986,7.466477293604745,6.58022248237345,2.260911409445869,2.2938773152944782,4.268913748671214,0.5162011776705584,,,,,,,
2023-11-03,4.4632408286115846,3.020230018516117,6.958968618770177,5.932649890125063,2.249846240035163,2.287103314842648,4.34539854956521,0.5274483962066968,,0.1560293613208664,0.5598194253635407,0.0,,,
2023-11-04,4.422230589179993,3.202461196313434,6.735436209520765,5.952406179866527,2.2333140064981247,2.279366662784152,4.716589928923713,0.3837308986744616,,0.3193562627793683,0.354458368830151,0.0,,,
2023-11-05,4.407511951391431,1.8161009343825447,5.634350705342822,5.754683008073435,2.20735148458057,2.249847999718984,2.014119852176242,8.504595610830517e-05,,0.84794593503303,0.592327486916648,0.0,,,
2023-11-06,4.608046046211455,8.37282806572914,11.833642307516731,6.001925237193637,2.2051117942873635,2.2496745852703515,14.946559008106654,0.4227592722573545,,0.4240766051528188,0.2138957593814532,0.0,,,
2023-11-07,6.054288551976946,4.347573153436449,9.90021336133533,9.192630554927984,2.2212237480756976,2.278146315699683,7.010770303427381,0.6062162855393358,,0.4559509973627991,0.1743345865343676,0.0,,,
2023-11-08,5.837019211125903,5.371882226459714,10.547453595157195,9.407967042590249,2.21138690006468,2.2635723008198205,9.054429817358653,0.3952111486738258,,0.1090414309052626,4.254250526428222e-06,0.0,,,
2023-11-09,5.623838577614891,5.305406267511579,10.409570451998182,8.878998006741737,2.225543352735308,2.274778633992937,8.904529898505741,0.7512336249099836,,0.0866185618596606,0.0001022923658953,0.0,,,
2023-11-10,5.681095662552517,5.357673992338181,11.17127079915259,8.86939602578428,2.2193895155906675,2.26838143032074,9.023173614827265,0.7124963340776496,,0.1571034593032466,0.598201546535492,0.0,,,
2023-11-11,5.439471321910221,3.95781867702696,8.748476178245545,8.502397135124738,2.230673998673757,2.278474981909858,6.238601992788317,0.6689464207817447,,0.0589060993647575,0.0,0.0,,,
2023-11-12,6.220634119892121,5.786573621113035,12.22664527909703,8.660368581501906,2.237429877840678,2.283923081616296,9.8554853370391,0.30497383221719,,1.376206863192055,0.4381978605727354,0.0,,,
2023-11-13,5.618170673656464,2.804829925494724,7.607402745505438,8.361554450688363,2.2267589753299286,2.2750270498085023,3.96071994064543,0.6728890835975277,,0.2674037647688388,0.0,0.0,,,
2023-11-14,5.547837851480908,3.70430480586158,8.739656857215033,8.14488890088002,2.23262538028929,2.2814529143248663,5.721025755014419,0.7765929962800608,,0.2893554591605398,0.0002050522975126,5.222792771127489e-05,,,
2023-11-15,7.522086994782555,2.882868161150615,10.92488640674379,12.806449612362917,2.2237640450647143,2.278518607766893,4.153904187669753,0.4175302005717489,,1.3456643015586005,0.2876608928118812,0.0,,,
2023-11-16,6.216650241635641,4.280379817313089,10.344910216707657,10.975565743957626,2.2185314708603747,2.272869987286461,6.880274974288941,0.4560115043142106,,0.6603084265536733,0.0001246837382846,0.0,,,
2023-11-17,6.308057438526154,3.1601218542946707,8.976557213526833,10.725080919710264,2.23484669895596,2.2835694996198024,4.673260989421209,0.6805026687151855,,0.0661371634864807,0.0001034140339162,0.0,,,
2023-11-18,6.577732024608189,1.9316533659426367,7.7161092815907795,10.75195080783632,2.254272504049937,2.302774482866923,2.233060151608785,0.5823684446112314,,0.3273872146903143,0.3019374785825941,0.0,,,
2023-11-19,6.598746667928345,3.2162491955074706,8.909746887046284,10.76375547485802,2.248549986932137,2.295064312413119,4.77590497128304,0.0006739647985829,,0.7681687436289257,0.3348003934531742,0.0,,,
2023-11-20,6.458850748257458,3.686305828726984,8.522058240081682,9.888559692774878,2.2328812814907315,2.2844082582711027,5.694810119907828,0.2624944247900115,,0.6603993823899162,1.4905823601616754e-06,0.0,,,
2023-11-21,6.165152909997305,3.2880637048848462,8.648102331111698,10.41306146776941,2.221142344968584,2.269980250793033,4.925707857022814,0.5956417938976816,,0.0620592147368854,1.699228286743164e-06,0.0,,,
2023-11-22,10.458450946450764,5.714544075884289,10.543564811343089,11.34141155222098,7.2609567916637,4.677575640886096,4.478607525401116,0.3605988175690173,,0.4036379242926173,0.0001797667806678,0.0160932527221573,,,
2023-11-23,6.794557297901577,3.24207226050165,9.11019950187365,10.392874352629184,2.243978589163886,2.2890207232220967,4.825708727954228,0.2488108165462811,,0.632948579905298,0.5950105268160503,1.7407492796579996e-06,,,
2023-11-24,6.414443219138252,2.096236763917075,7.059406077185737,10.102315573682786,2.2435472911940684,2.2878280013741383,2.567758532851537,0.2247990524592664,,0.3820817551447286,1.3895873228708902e-06,0.0,,,
2023-11-25,6.309578830713696,1.5426614148044586,6.289005876021916,10.425712822729746,2.2588027234225803,2.3006612895584104,1.4641855542850497,0.0002049891163243,,0.0324372657481829,1.5716752741071914e-06,0.0,,,
2023-11-26,6.671159824028015,2.094912121005588,7.708146229965422,10.384856966692608,2.245470387916565,2.28857392996894,2.5742479826344384,0.0001660429775714,,0.747402416207128,0.9524784777078364,0.0,,,
2023-11-27,6.216542534182867,4.745222673418256,10.813817330479097,10.228195610556602,2.2208435261217754,2.2634940674739417,7.824461687423918,0.5311705839745202,,0.4861681785696082,0.4401017142991225,0.0,,,
2023-11-28,6.054383977404701,3.721981684680515,8.567881537914275,9.964485192110804,2.234341482014126,2.27497486998876,5.777523233796226,0.307064823726813,,0.0853302521313561,1.3944229814741347e-06,3.144255611631605e-06,,,
2023-11-29,6.268458681475321,4.751985005953046,10.708476264298758,10.69016473287503,2.224850191321903,2.267681945495606,7.819206515901351,0.7919904449999334,,0.091872315310902,2.9284377892812094e-06,0.0,,,
2023-11-30,6.262337397670747,4.0595191302214735,9.358105505174,10.44662378814803,2.218252980910407,2.2606446176973978,6.38233159382767,0.3770325226064522,,0.057987617197699,0.0,0.0,,,
2023-12-01,6.214659235081142,3.2739513930172386,8.363341923073664,10.259852231468887,2.222713196239471,2.26510078019672,4.893631539408366,0.1106587038624286,,0.2098668257682853,0.3262756094392141,0.0,,,
2023-12-02,6.682238951000638,1.9755127733516693,9.198171873704062,10.533526068842146,2.2325823893801373,2.2748468805631004,2.362107842784458,0.0001799469379583,,1.119160723004341,1.4142866878085665,0.0,,,
2023-12-03,6.563796378254361,1.5283901650492349,6.352171747970579,10.524826946609553,2.2402454527960884,2.289273072270287,1.456246449041367,0.0001499215310149,,0.7488106704922516,0.0,0.0,,,
2023-12-04,3.597752623032464,2.7223238867526587,4.21371662378735,3.3861828076966605,2.2341512719662986,2.266017737517886,3.697939690330294,0.0760421358966827,,0.2502325779716174,0.0,0.0,,,
2023-12-05,5.868137438839806,3.552557478906844,7.917157550900777,8.425430613510077,2.2319995240783688,2.273722525528802,5.309631882061429,0.3969391938636037,,0.5894960273587704,0.0008920544511742,0.0,,,
2023-12-06,6.156794643031226,2.2444387596755555,7.713551649621329,11.072658732299804,2.2238107828521727,2.264976004005008,2.875964858525593,0.4031647030280696,,0.0935491845383909,1.4810883998870852e-06,0.0,,,
2023-12-07,6.575487597153981,3.6647202926519182,11.264098715109292,11.168142952389186,2.2322890440580583,2.27728976357778,5.676019450455772,0.1437377956526808,,1.293340979441272,0.8913601897597313,0.0,,,
2023-12-08,6.156221644425921,2.157918548632728,8.089877225318485,11.160166803249782,2.2496458211750454,2.3102075491121083,2.648938845545451,0.2629341395156914,,0.1888073911609914,0.530278808964226,0.0,,,
2023-12-09,6.3937565915468,1.5408174804284838,7.0864453611087805,11.171578223809137,2.2354874510828653,2.30009099334081,1.4373924607923296,0.0006178194537427,,0.3783764427463213,0.5054552607154846,0.0,,,
2023-12-10,6.224097110646567,3.548892448419995,9.053178324940998,11.142467793867324,2.1895338285764057,2.232905632510715,5.478161972145504,0.0002899354807535,,0.2649908844786219,0.1549168841326237,0.0,,,
2023-12-11,6.480745684814453,4.9360244102223705,11.95101867434184,10.808669990700617,2.2033487391048,2.2442508143446176,8.20652102929592,0.3123827285640769,,1.07559149621288,0.7082453350045946,0.0,,,
2023-12-12,6.316199809484481,4.82792119184918,11.699625844185087,10.681192620680068,2.229252906326718,2.271198245042165,7.987005890580284,0.1525018975932068,,1.987276452528636,0.6341693098648389,0.0,,,
2023-12-13,6.0056772113355,4.53422444398774,9.824901562449137,10.608039800550673,2.22063215810352,2.2613227377234564,7.406389573989442,0.2090655977884928,,0.1755546436615785,0.0,0.0,,,
2023-12-14,5.920795193978416,2.937780782576666,8.401532718854481,9.969563343217636,2.2207605687819587,2.2577770672353106,4.2491937726646,0.1779962484492195,,0.1113745008716318,0.5489103591358662,0.0,,,
2023-12-15,5.603865777158736,4.996021060112846,10.080658748995464,9.410082717501322,2.211565473772685,2.2464349481646217,8.316112644260196,0.5074602618722122,,0.1227934938494364,2.997109360165066e-06,0.0,,,
2023-12-16,5.69439217320866,1.5183404915311602,6.766512469614876,8.870064463416206,2.230589630940756,2.2650478409936694,1.4410862930456798,9.428653319676716e-05,,0.9583648877102798,0.5263160516675314,0.0,,,
2023-12-17,5.778886527869966,2.2848342495801712,6.107509036301507,7.987301122962103,2.2237339444181656,2.261316143038008,2.942329467663235,0.0004662658495373,,0.9905876150549784,1.389573680029975e-06,0.0,,,
2023-12-18,4.579237097337511,3.3153315995195176,7.494482165364159,6.841010514365302,2.226386955649058,2.2561663566568164,4.964849407580695,0.6706850718025367,,0.0363774998643663,0.0,0.0,,,
2023-12-19,4.596917239290873,3.5989532490412395,7.372272680384319,6.949669217037625,2.2040906181356643,2.233486402924856,5.5392155019028975,0.1525805477478769,,0.0280739480124579,2.856094042460124e-06,0.0,,,
2023-12-20,5.03886516263432,3.4046909014225006,6.980503166041903,7.1365985901218,2.258233087673187,2.2838205487696324,5.13281818939209,0.1182251095520125,,0.3913113372373581,0.0,0.0,,,
2023-12-21,5.302297199174034,3.2970033349768326,7.071941293804381,7.980049670800103,2.2431304712952507,2.2869676022360057,4.903192198826472,0.0002906610988246,,0.2974315737640857,1.3970475726657443e-06,0.0,,,
2023-12-22,4.457687414110237,2.3378480326022046,5.83048957403024,6.902032423759038,1.4373974851756628,1.4720833604182135,3.674772583643596,0.0001983725963698,,0.4076240415414175,0.0139145118231243,0.0,,,
2023-12-23,3.934358950729105,1.125219254096084,7.512249213322004,6.725791330540975,0.0,0.0,2.5188272807661685,0.183157649709516,,1.2668240365509191,1.1471484230777953,0.0,,,
2023-12-24,2.699405427407424,0.5199770482026206,3.67794053870625,5.159737711177402,0.0,0.0,1.250415922442542,3.372853173149956e-05,,0.1929480381231837,0.2251117614436149,0.0,,,
2023-12-25,3.712491849585374,2.262634683794975,8.258673695925077,6.795979183921814,0.0,2.606929487652249e-05,4.771554473699463,0.0430863002754582,,1.3319564574326408,0.9141028165456982,0.0,,,
2023-12-26,3.529926614883211,2.194509571069082,6.024499095875422,6.146533116048176,0.0,3.2304061783684625e-06,4.620647579913668,0.2254954659195741,,0.360675317224529,0.0931956205521689,0.0,,,
2023-12-27,6.796244072443379,3.246989086169666,11.197160856657558,12.896459697888693,2.7782638867696127e-06,0.0001101532901657,6.7712674118306895,0.0173369580150975,,0.4142252712904082,0.5733190541924372,0.0,,,
2023-12-28,5.4297778360936375,2.367021678218312,8.005575855465464,10.15170973631965,0.0,2.8052022722032333e-06,5.008003889063729,0.0320574886759122,,0.2853016406446033,0.1472944138374593,1.4640988243950738e-06,,,
2023-12-29,5.301968007265196,1.396522811470032,6.910240947674115,9.800264763997395,0.0,5.767771932813857e-06,3.0624104598161903,7.435935656229655e-05,,0.6139427463379172,0.0,0.0,,,
2023-12-30,5.1028100562114185,0.8452636096474863,6.29201398200035,9.964590234832764,0.0,3.667706648508708e-05,1.9629530686325496,0.1952660333833429,,0.073533448924356,1.5195879671308728e-06,0.0,,,
2023-12-31,5.257812219581339,0.5871134164577061,6.572558315165836,9.928658567176395,0.0,0.0,1.4571771589999725,7.494196203019884e-05,,0.2844593082014719,0.8155055908319684,0.0,,,
2024-01-01,6.006893978496128,1.7248188531430562,8.013447663833299,9.741879043108622,0.0,2.8576527701483834e-06,3.733309441490173,0.0149165519543488,,1.2737456154867015,0.8780603594160079,0.0,,,
2024-01-02,5.476325270250373,2.4701739767434865,8.536125841593742,9.648727032792833,3.095753722720676e-06,9.00691951645745e-05,5.209655435460409,0.1266535696752866,,0.7387264680842559,0.4530509445718924,0.0,,,
2024-01-03,5.561896590331659,2.0356115750662487,8.840190256291496,10.282693018307157,0.0,6.803992483350965e-05,4.346366446186172,0.279541962650352,,0.4411290825030539,0.5176946813707882,0.0,,,
2024-01-04,5.190312010147308,2.560657449036704,8.037396678869461,9.480138992517787,0.0,2.8227292166815864e-06,5.384047880274455,0.1038754024484422,,0.4025056329525842,1.443569130367703e-06,0.0,,,
2024-01-05,4.661367138757176,3.0638732541002165,8.37967441086981,8.812339813673232,0.0,0.0001308768659167,6.373787846128675,0.1911172060022089,,0.1818993134931723,2.831082079145644e-06,0.0,,,
2024-01-06,4.791516147034699,1.057137644860215,6.724656250699361,8.930058353712292,0.0,8.17030315928989e-05,2.381786919148763,0.2462467735505104,,0.4937460397982597,0.2081725072691175,0.0,,,
2024-01-07,4.555590036261611,0.6584890291489495,5.701839234588411,8.50693696030405,0.0,0.0,1.585149596294827,0.0171737798592779,,0.3476660785782337,0.5599239406379064,0.0,,,
2024-01-08,4.155243278515338,1.7966543629619809,6.201366287168397,7.791801718843248,0.0,0.0,3.82355924627516,0.0515629619373215,,0.3036025658518738,0.0,0.0,,,
2024-01-09,3.776540667204857,1.358155649315251,6.669174646615451,7.013637358708912,2.964471975962321e-06,8.038741111755371e-05,2.9731495275788835,0.3614091531929705,,0.3000329407082663,0.8089337103907267,0.0,,,
2024-01-10,3.3686407289232143,2.3244541975771056,6.127636741044786,6.351445801412794,0.0,5.548798110749987e-05,4.881168982069757,9.667270660400392e-05,,0.1813695869380898,1.4009549882676863e-06,0.0,,,
2024-01-11,4.374480209537082,2.1753966485770544,6.830825143224929,7.33046432723999,2.88066652086046e-06,0.0001197106401125,4.59751702337371,0.4000902511805958,,0.7494905839047168,0.0,0.0,,,
2024-01-12,2.3003954027807825,1.2449423921993363,2.8624566536576994,2.9477946673978583,2.841607729593913e-06,1.2021589014265272e-05,2.643196013790748,2.7765196164449057e-05,,0.8779948870001899,0.0,0.0,,,
2024-01-13,4.268502867537461,0.5218969812776989,5.733916707827572,7.657941300810453,0.0,0.0,1.2893929001840132,0.0088043065900272,,0.8115740437161922,0.3981931850257185,0.0,,,
2024-01-14,3.8756536496766416,1.7843838703608514,6.057645375321176,6.839470594872369,0.0,8.129941781361898e-05,3.8155864277437,0.3234198339437114,,0.5330147247865464,1.4486898316277398e-06,0.0,,,
2024-01-15,5.135246058505907,2.8864678685069083,8.695028593567214,9.5898081121148,2.2572304672665064e-05,0.000312787841161,6.032843175796933,0.2360147957285245,,0.2659766921546724,5.790349377526177e-06,0.0,,,
2024-01-16,5.959568570030264,3.0628950956559184,9.522889666613471,10.35237439315796,1.7432971000671387e-05,0.0004234865403175,6.392692136544123,0.3438431857388549,,0.7341974378797743,0.4009217184698581,0.0,,,
2024-01-17,7.098477526829242,4.241567583209408,11.676577846981685,12.326563990499707,5.685652626885308e-06,0.000590979554918,8.757719220246209,0.3944303896278804,,0.8968134261269037,5.7813658979203975e-06,0.0,,,
2024-01-18,5.585947388270431,1.9428039478386767,7.672047878810565,9.572190908999971,8.497516579098172e-06,0.0001217759988043,4.147369397235447,0.3313537200943628,,0.7199988156804773,7.217012378904554e-06,1.90911610921224e-05,0.2203700637446509,0.0,0.0
2024-01-19,5.187772707257801,1.8999195935132769,6.926459140395058,9.284035311533607,0.0,5.699942111968995e-06,4.074105299571355,0.00778857384536,,0.3987504969176981,0.0,7.07018600569831e-06,0.0,0.0,0.0
2024-01-20,5.014136344017717,2.5961518613160988,8.68283237958272,8.94525299978256,5.723314020368788e-06,7.542144960827297e-05,5.462809204854966,0.0066636907978852,,0.5645747905011973,0.8143169599384733,0.0,0.3544746660274929,0.0005123553257518,0.0
2024-01-21,4.5291658227554965,0.5846170794343949,5.7765680285739895,7.900838508021038,0.0,0.0,1.449118131746716,5.280434608459473e-05,,0.9155992232116064,1.0143221911393272,0.0,0.0,0.0018561593959066,0.0
2024-01-22,3.91132676346408,2.620961357752748,7.437158397621579,7.200933354369269,0.0,2.894758145014445e-05,5.482779959087371,0.1249712136374579,,0.2533803177983231,0.1456041338023874,0.0,0.5596724694135454,0.0,0.0
2024-01-23,4.285741123345163,1.94354775966088,6.901135660905308,8.123547653257582,1.199269347720676e-05,7.583573155932956e-05,4.143936056878832,0.0086527222816149,,0.1503927167415618,0.4403469043844276,0.0,0.1333493016073438,0.0058327838718891,0.0
2024-01-24,6.334647669119304,3.990155122291247,11.128885651690696,11.25691916747623,1.1659944587283664e-05,0.0001377936281098,8.230870442407928,0.0589302097672886,,0.6138567882445124,0.6798718644766013,0.0,0.2495144340403874,0.0011880582692888,0.0
2024-01-25,5.729379757872158,2.83075492512703,9.753653374410735,9.776740644014149,8.590511745876736e-06,0.0001359142846531,5.933002463168038,0.2112718284067842,,0.7752237227434581,1.2229284797076383,0.0,0.1519494288522667,0.0,0.0
2024-01-26,5.52025590597656,3.403713539908197,9.705292118745378,10.7962306315528,5.69327884250217e-06,0.0001345776995023,7.073595197385151,0.336712500824266,,0.0509196027959717,2.794807089699639e-06,0.0,0.0486477165582444,0.0,0.0
2024-01-27,5.8004995749701385,3.141084860116111,9.226936387965942,10.91638226820204,3.760808044009739e-05,0.0002631944621933,6.54614247607761,0.0005110929208331,,0.2778612758186128,3.0431085162692603e-05,0.0,0.1203828105550342,0.0063198754139741,0.0
2024-01-28,5.64293588833438,2.751230344843864,8.542263200034565,10.553180738711887,6.013763480716281e-06,3.4679987960391574e-05,5.778299006289377,0.0569986862779988,,0.4528140574598313,2.83622768190172e-06,0.0011475431430339,0.0,0.0,0.0
2024-01-29,6.021855808814103,3.8858206448136032,10.968697776655407,11.12703351392958,0.0,2.6181763543023003e-05,8.041145072258614,0.608952266850339,,0.3792899964540534,1.6217063532935248e-06,0.0,0.3404185038529502,0.0,0.0
2024-01-30,5.169747005847296,2.7424417586046204,9.12698627001254,10.024088322944642,5.855144394768609e-06,6.362033526102702e-05,5.756397532700662,0.0716861050960752,,0.1776457687230904,0.2751001009840435,0.0,0.5903698343223995,0.0002671346354484,0.0
2024-01-31,5.354423089468478,0.5794833093672539,6.506454419154841,10.326985782055326,0.0,0.0,1.4465431840042098,0.0047665327763557,,0.1645867008517848,0.4871142639520433,0.0,0.0,0.0,0.0
2024-02-01,5.467964163634248,1.5928258709003982,7.171078828429395,10.421476037911308,0.0,0.0,3.4446913282782665,0.0028305133346716,,0.1841978219069375,0.0,0.0,0.0,0.0,0.0
2024-02-02,5.603634125707945,1.7993456794797054,8.112856630208759,10.76781027618726,3.021584616767036e-06,0.0,3.883007414480316,0.2147086296190155,,0.242625982369052,0.2659129769294792,0.0,0.0595264185237884,0.0,0.0
2024-02-03,6.678111293707689,0.5679750542794333,6.61390194308175,11.356080800065996,9.71907244788276e-06,5.797169473436144e-06,1.4385237583753805,0.3134006897596519,,0.7647394922047192,1.4964401721954349e-06,0.0,0.0,0.0200375311605135,0.0
2024-02-04,5.702427220718332,2.1998824207655594,8.344707786188657,10.364489739006892,0.0,1.1598823335435656e-05,4.675051896937688,0.0910992402599917,,0.4951413324076599,0.4193427891291512,0.0,0.0,0.0244358091406027,0.0
2024-02-05,5.555339389281802,2.34106599296252,8.029365099203321,10.266602982126871,0.0,3.516289737489488e-05,4.953631956475576,0.0002839738816685,,0.4008700468401114,5.7524878448910185e-06,0.0,0.1173187633899847,0.0,0.0
2024-02-06,5.330611604126824,2.1947291542641323,7.829676092487971,10.174148329281277,0.0,0.0,4.661338841319614,0.0780407256791326,,0.046872093369166,1.556750800874498e-06,0.0,0.0590859473155604,0.0,0.0
2024-02-07,5.623656874888738,1.6831654640491804,7.401273321217429,10.23021724773831,2.8721801439921063e-06,0.0,3.6367006170961593,0.0001208793918291,,0.3278235873130957,1.416533523135715e-06,0.0,0.2257532735069592,0.0029144903283649,0.0
2024-02-08,5.694092360275056,3.068647009185155,9.508703891816667,10.25458615447998,2.89940701590644e-06,9.290836811065674e-05,6.402452201790281,0.511754939810435,,0.4112468244826794,7.277906735738119e-06,0.0,0.3216742325660918,0.0119893929807345,0.0
2024-02-09,5.338103007780182,1.475640658926434,6.913836437074344,10.044388893856471,0.0,0.0,3.224360184816784,0.0714209816744592,,0.1636595875683096,5.918129417631361e-06,0.0,0.0,0.0,0.0
2024-02-10,5.620273554069466,0.8386073324118721,6.633878226868312,10.076613452479044,0.0,0.0,1.96326516445054,0.0001040845723946,,0.4899743619840675,0.3715824366929796,0.0,0.0668344363827175,0.0,0.0
2024-02-11,5.431863147202068,0.582003525223467,5.8868845626560855,10.0334159876336,0.0,0.0,1.444570235706965,7.147341291109721e-05,,0.2831275002434518,0.0,0.0,0.0,4.029831290245056e-05,0.0
2024-02-12,5.48684622995297,0.5779342588337262,7.297892813615267,9.926415551452637,0.0,0.0,1.4496368548870089,0.0001091224650541,,0.9025248547405668,0.7615208147864873,0.0,0.0,0.0478338814040025,0.0
2024-02-13,4.9846699916762764,0.5803619721706709,6.597904849099054,8.96815186867608,0.0,0.0,1.443785182287428,5.971846818923951e-05,,0.476275457924207,0.6668329352728526,0.0,0.0,0.0144448062275515,0.0
2024-02-14,4.710451394225491,2.581229693802198,7.688429107535151,8.346200330369737,3.088821570078532e-06,4.87497345606486e-05,5.416076700108316,0.0160832835902108,,0.4761405179166793,0.0,0.0,0.5364921298980713,0.0033820690151055,0.0
2024-02-15,4.709969649355146,2.6376111409203213,7.814390208615197,8.955682865015666,8.89424588945177e-06,0.0001359943024317,5.530619135365486,0.000221245931122,,0.0407559897194968,1.0058961179521348e-05,0.0,0.3004264584125413,0.0,0.0
2024-02-16,5.578628933867615,1.7048368082409433,7.757878539214663,10.613200631959703,5.667893091837565e-06,0.000116539536582,3.689415511358049,0.0087367427420616,,0.0647055770856804,0.3685212915686766,0.0,7.708150492774115e-05,0.0,0.0
2024-02-17,6.365408942600356,2.397723475806978,9.414857067508697,11.106122683642967,1.127513461642795e-05,0.000125390422874,5.084152315761776,0.0005105243113305,,0.6782677837292355,0.9287607640106148,0.0,0.0,0.0412693795422712,0.0
2024-02-18,5.7291987262230455,1.6364174217926133,7.88875279730638,10.652304777306451,0.0,5.729098743862576e-05,3.551622510032654,0.0758667340283923,,0.3320017299466663,0.442709185057746,0.0,0.0,0.0358681192151705,0.0
2024-02-19,5.293556516276466,2.9230632882565923,9.619998260115516,9.856152482265896,8.771203623877631e-06,7.198028829362657e-05,6.111418455842865,0.245381860073275,,0.4281170527295271,0.3977097352294127,0.0,0.3991583151388168,0.000417909057935,0.0
2024-02-20,5.495959799320963,2.262458976915412,7.816047309180896,9.953287326422798,0.0,8.53104485405816e-06,4.795386070186827,0.1594432115579976,,0.332446340636942,4.562993976804946e-06,0.0,0.0559817993089887,0.0,0.0
2024-02-21,6.87639617725955,1.8479859985688,8.907241487545436,12.339760567825106,0.0,8.513747056325277e-06,3.993695066698922,0.2079054326290554,,0.6071445700800419,1.4092719554901123e-06,0.0,0.2133108307851685,0.0118332767744859,0.0
2024-02-22,5.819196446674135,1.1350333662041028,7.2813664418141055,10.51497206510756,0.0,0.0,2.541908968027962,0.3063952635592885,,0.5880440235316753,1.444189813401964e-06,0.0,0.275141366183228,0.0010927770347065,0.0
2024-02-23,6.2527492198925545,1.0128527433980834,6.425439103302426,10.107911422865126,0.0004289781461821,0.0001679829748471,2.3000368988720576,0.9072250092868012,,0.1385986370592647,4.470625718434652e-06,0.0,0.0620701154337988,0.013651106651624,0.0
2024-02-24,5.690526669750479,0.5837536478757858,6.243538207159044,10.332990910976198,0.0,0.0,1.4569383962610032,0.0003931907489564,,0.4218537740805413,1.023938814798991e-05,0.0,0.0132092010709974,0.1757230223239793,0.0
2024-02-25,5.325334475727613,0.8846036743222344,6.260670022073852,10.066293069758148,5.618071026272243e-06,5.72405046886868e-06,2.0424056336318124,0.0006619114910231,,0.0969618044814798,1.2213537030749853e-05,0.0,0.0789558033863703,0.0,0.0
2024-02-26,5.6336011631806695,1.3638111503052712,7.448800470892588,10.380266436216566,2.945037153032091e-06,4.373653279410468e-05,2.998533535793622,0.4647332042131158,,0.2529989612057474,3.731909698910183e-05,0.0,0.0054486424981223,0.1216507561699549,0.0
2024-02-27,5.548413871287504,3.4961264405303534,10.321142504060004,10.434530380980704,4.6579114596049e-05,0.0003957220212618,7.255295571183098,0.909439329580466,,0.1422408241117,7.719708230760363e-05,0.0,0.1727151718552907,0.0084035731067922,0.0
2024-02-28,5.660380284704103,2.328054875670804,8.371234182755682,10.31266111782498,2.0464810530344647e-05,0.0001086775345272,4.922203100570573,0.2836355028817389,,0.3016735884337955,3.81218339337243e-05,0.0,0.2382719865319464,0.0,0.0
2024-02-29,5.430101363459958,2.431574602119128,8.89032395011849,10.285721443473232,5.922652138604058e-05,0.0003491353750228,5.13301837612364,0.3365106177703539,,0.0893265685082806,3.437554346190558e-05,0.0,0.5518095460224152,0.0,0.0
2024-03-01,5.337651634020805,1.2108570781363377,6.688476373736592,10.069556393703884,0.0,4.0326935450236e-05,2.695248107700348,0.0001315218587716,,0.1213206208962864,2.9133513238694934e-06,0.0,0.0970544342568185,0.0096967557066016,0.0
2024-03-02,5.541758996296458,1.4361114547846052,9.363190253435771,9.918768900197346,2.8486082288954e-06,2.964556905958388e-05,3.169032814076743,0.3703217120673921,,1.6173139809959465,0.6768291663805643,0.0,0.0,0.0,0.0
2024-03-03,5.425789683755769,0.579862919954194,6.690824019904137,9.724972083494398,0.0,0.0,1.4491224795161357,7.04794200261434e-05,,0.7969312611961362,0.5112770922607845,0.0,0.0,0.0175443340694904,0.0
2024-03-04,5.833412265291743,3.4755865888079014,9.859121145760218,9.90327171891954,2.042450057135688e-05,0.0001940226570765,7.211859535224701,0.5235293928676181,,0.6895250608905157,7.4577267964681e-06,0.0,0.3877229028128253,0.0,0.0
2024-03-05,5.257939765294393,2.4789076099387803,8.25545785677751,10.00522002037896,8.459799024793837e-06,0.0001627577808168,5.220358705846999,0.0271472458149327,,0.0768891970190737,7.2483542230394146e-06,0.0,0.3151148196930355,0.0,0.0
2024-03-06,4.994854690523149,1.9310446936239136,7.408280626849598,9.561782365722657,0.0,1.719132317437066e-05,4.126121438296636,0.2608637595858838,,0.0129198596835136,0.0001142392653889,0.0,0.0523770488488674,0.0,0.0
2024-03-07,5.379144912774828,0.5747206019258498,5.618850571093029,9.410538724691603,0.0,0.0,1.4259177830982213,5.433562795321147e-05,,0.5976343523638777,0.0553616761400964,0.0,0.0,0.0008429550796084,0.0
2024-03-08,4.929053244906531,3.561171055193742,9.363734717139138,8.464827614915636,1.182178921169705e-05,9.439854621887208e-05,7.361890228885014,0.5146127712061671,,0.5307561401106252,1.844704204135471e-05,0.0,0.5559190351634555,0.0050311049501101,0.0
2024-03-09,5.508521362390784,0.5839215635087756,6.0941068276770896,9.550350211834376,0.0,0.0,1.451222623911964,0.0011929308013121,,0.4306606654485067,0.4315785248708725,0.0,0.0,0.0260481679471333,0.0
2024-03-10,5.26799022756444,3.1835328079017,9.476759598269997,8.948058951009113,5.870683193206787e-06,4.9599655999077695e-05,6.631974191599952,0.0002832629566722,,1.0793082285286322,0.4763218512793382,0.0,0.2802991160435146,0.0240003964345985,0.0
2024-03-11,4.598897339169449,3.17077845174657,7.82782445880572,7.936992840575113,8.842953046162924e-06,3.520317792892456e-05,6.589419071504275,7.651754154099358e-05,,0.4539825980063279,4.615599844190809e-06,0.0,0.26546977669345,0.0,0.0
2024-03-12,4.719643067888949,2.7425822536267166,8.050624881832334,8.744116252543131,2.883969148000081e-06,4.090194384256999e-05,5.738192524985208,0.4677607048397594,,0.1578642389125293,4.259557723999024e-06,0.0,0.0475549337048,0.0,0.0
2024-03-13,5.74838455328862,3.6125085392289695,10.899675985493127,10.73015504670037,1.1245815489027234e-05,0.0001337935855653,7.492196132876079,0.7468417599587971,,0.1885513729484876,5.735299322340223e-06,0.0,0.6026541915660434,0.0,0.0
2024-03-14,5.651059992262788,2.9085302090663383,9.227535931747225,10.353421244053312,2.79218594233195e-06,5.261420143975152e-05,6.077689135994913,0.2901124917423724,,0.2025900438634554,1.21662884288364e-05,0.0,0.3657418372885386,0.0,0.0
2024-03-15,5.955694265524016,0.5756378118748136,6.468495217152172,10.550241009275648,0.0,0.0,1.4419272743966849,0.0001585280688603,,0.4815065835061339,0.2845715518305037,0.0,0.0,0.0104071493493186,0.0
2024-03-16,5.6420492604706025,0.5769872818194495,7.205359378559326,10.35336884918213,0.0,0.0,1.4484480939155158,0.0073588157176971,,0.918067530251609,0.4415624501980676,0.0042602317753103,0.0,0.0172419606317414,0.0
2024-03-17,22.98572995608065,11.169263699484931,14.97693289587763,10.21984979788886,18.98693356337441,17.62323232211431,1.3951638899644216,0.0243599520693885,,0.2798888357595603,0.0003855760163731,1.9165140787760417e-05,0.0,0.4707478023122416,0.0
2024-03-18,5.628974705419541,5.659003044483397,10.973685327528848,9.874502077331544,2.2266818703163995,2.257249045124054,9.607438784341811,0.4615482473834355,,0.0151118396858374,2.8985408941904704e-06,0.0,0.2662436500194337,0.0,0.0
2024-03-19,5.779296524658732,4.61196264307234,10.89995597542498,9.995434328358968,0.7157089379326503,0.719855425860617,8.85696570335759,0.5846732580117385,,0.0104461345012982,6.001843452453614e-05,0.0,0.2839361150277985,0.0,0.0
2024-03-20,6.521806626180543,2.4327616125276355,10.158148065204088,12.45592880475786,5.739992459615071e-06,9.47890634006924e-05,5.149992330364651,0.6216367149979538,,0.1566168396584193,0.2331520105205642,0.0,0.1419332813901371,0.0,0.0
2024-03-21,5.800049314534664,2.5755456611712773,9.530103958947397,10.93772236433241,0.0,3.777374903361002e-05,5.422900059224236,0.7484309457650449,,0.1576749771181742,0.1121022857538859,0.0,0.1396188567050298,0.0,0.0
2024-03-22,5.683634399668641,2.5243374502219096,9.132616248689228,10.1991997824351,0.0,2.072576814227634e-05,5.319757950905695,0.37388418855283,,0.3584036133408546,0.7058830740365717,0.0,0.0,0.0,0.0
2024-03-23,4.232740546199481,0.8029295112058852,6.189091755017705,7.811130171322294,0.0,0.0,1.822564476606581,0.1135580892248948,,0.3536613776616255,0.973867884977791,0.0,0.0,0.0,0.0
2024-03-24,5.134687077527046,0.580875357705487,6.270104878587192,9.434266026662192,0.0,0.0,1.4462319859070247,7.213251087400648e-05,,0.3194656916467349,0.5557698487069872,0.0,9.080203228526646e-05,0.0361753104560905,0.0
2024-03-25,4.879341249985429,6.746461578324903,12.673017886217965,9.332996748623318,1.1619533962673612e-05,5.225529008441501e-05,13.71482968353907,0.5169855716375511,,0.0057994100595845,7.224574089050294e-06,0.0,0.0634414403449164,0.0,0.0
2024-03-26,5.255050877521038,3.559143954438899,9.766726821734112,9.557666194288466,0.0,1.147042883767022e-05,7.377204653028913,0.3695524263295862,,0.3756175322491593,0.3719171961340639,0.0,0.0405398012828826,0.1575274078214168,0.0
2024-03-27,6.696767808973524,1.6605285989220937,9.244713986596532,12.240100928404068,0.0,2.8590681817796493e-06,3.616590404107306,0.4966697892359892,,0.4074566145910157,0.4499158911732833,0.0,0.0621867439076635,0.0167336526045534,0.0
2024-03-28,1.7295445446692574,1.2973858599188597,3.3775038643704525,2.9923005175272626,0.0,3.791350920995076e-05,2.741281630123986,0.3846340313637256,,0.1457081773236062,4.382909138997396e-06,0.0,0.0,0.0005296746738751,0.0
2024-03-29,5.745705701000574,4.039990577552894,9.542743281764638,9.386281536764592,3.208622137705485e-06,6.118425183826022e-05,8.330504662036578,0.1684402301731927,,1.255732028439972,2.818998363282945e-06,0.0,0.1411136136372884,0.002021785807742,0.0
2024-03-30,0.3049021943694851,0.1227759797246787,0.3233850295404092,0.3496665243413482,0.0,0.0,0.2916906575587593,7.0896273960805305e-06,,0.016512878284057,0.0,0.0,0.0,0.0,0.0
2024-03-31,5.076843888640139,0.5875654359600279,5.888111327670946,9.443768198310003,0.0,0.0,1.4537382816028597,7.126206980811226e-05,,0.2746313342898422,0.2730499820793999,0.0,0.0,0.0207925431141588,0.0
2024-04-01,5.035529541784657,3.3909898205100166,9.677338126305472,8.58836612399631,0.0,2.5425458219316272e-05,7.04019328860071,0.9536244339528348,,0.7246333665998776,0.4411505140410529,0.0,0.1546998884734842,0.0,0.0
2024-04-02,4.767059760407341,3.939584533009529,10.079691294054454,8.469677000868055,5.818290180630155e-06,2.894749244054159e-05,8.129927995386124,0.3445847532204787,,0.3906249311927954,0.0,0.0,0.2842988267746237,0.7547468519642618,0.0
2024-04-03,5.152817363793054,2.051887073738045,7.639510644246736,9.093896652993095,2.845252090030247e-06,5.468853235244751e-05,4.363870805608961,0.3428610945245955,,0.4183398830823103,4.376302295260959e-06,0.0,0.3025903629786438,0.0,0.0
2024-04-04,4.825731051032279,2.018098666188717,7.195234844942093,8.662172144792345,0.0,3.7912013795640735e-05,4.263165774964226,0.3088224808944596,,0.3959781712237994,4.345647361543443e-06,0.0,0.1639163649802737,0.0,0.0
2024-04-05,4.717449318743812,0.9626565586921902,5.651806081577937,8.345179696756999,0.0,0.0,2.1798196436574724,0.126196092342933,,0.365842800821993,0.0,0.0,0.1374386580170525,0.0,0.0
2024-04-06,4.792929112526575,3.4293417717279326,8.416959822359084,8.694350034599305,5.8979643715752494e-06,4.6414866447448734e-05,7.1093314335632325,0.1895581198946635,,0.2649883307254314,0.0,0.0,0.0,0.0,0.0
2024-04-07,4.856301215335,2.504309291424751,7.507487769779098,8.839053711624144,0.0,9.068447748819986e-05,5.262070549827151,0.1397095473865668,,0.3042379302133454,0.0451488306613763,0.0,1.2847725020514597e-05,1.5148562060462103e-05,0.0
2024-04-08,4.606610976967017,4.573639400343895,10.189321027379563,8.150821701405844,2.944491174485948e-06,3.482886420355903e-05,9.382271413557795,0.6968925784295135,,0.3485789556552304,4.402253362867567e-06,0.0036238792377048,0.3036359770332442,0.0,0.0
2024-04-09,4.318027356019814,6.191587419306967,11.662581755402352,7.964188301595051,0.0,5.170797295040555e-05,12.612718372331194,0.4643790149912569,,0.2029267483815882,4.276328484217326e-06,0.0,0.3671723584069146,0.0,0.0
2024-04-10,5.371118849004638,1.9304831426583395,7.663793203541438,10.19857528330485,0.0,8.546592394510905e-06,4.132141992981169,0.147183975844913,,0.0840027081958453,2.9237551159328884e-06,0.0,0.0867890552658504,0.0,0.0
2024-04-11,5.602278129359087,2.372736491868761,8.094998049530455,9.877578249859278,2.829396724700928e-06,2.8341205914815267e-06,5.013109761126836,0.2752235771330197,,0.4719083155353863,1.3945669598049588e-06,0.0,0.067113109688229,0.0095643675659762,0.0
2024-04-12,5.066988163542482,3.113833656934632,8.375188812225659,9.62783476977878,3.1001893679300943e-06,8.132177750269572e-05,6.488656402314503,0.0002133613161245,,0.0670217593385113,1.6247367858886718e-06,0.0,0.0,0.0,0.0
2024-04-13,5.473846464175118,2.4773016844158704,8.969991719169615,9.599151411268446,0.0,7.54617174466451e-05,5.228455398242738,0.3680227727100584,,0.6245324820523792,0.6931707997194926,0.0,0.2152803358067406,0.0187100254952907,0.0
2024-04-14,5.994053415314622,0.5711724495569865,7.5608502606836945,9.743366982574464,0.0,2.934033605787489e-06,1.4458146999994912,0.0263394628405571,,1.0615321553777324,1.84681686291443,0.0,0.0,0.0,0.0
2024-04-15,5.028685616662503,5.178114988605182,10.495205789250264,8.729705508454112,8.443901009029813e-06,0.0001557506418228,10.589318460613358,0.2080349310445785,,0.543585457199547,9.006393750508627e-06,0.0,0.1844085239346822,0.0,0.0
2024-04-16,5.62304566745546,1.3191488645389349,6.649914734137323,9.942340302263895,0.0,2.854332658979628e-06,2.907339043527179,7.94572134812673e-05,,0.4861633593568537,0.0,0.0,0.0329076177067226,0.0,0.0
2024-04-17,6.847542082250119,1.493980699631903,8.185885369112757,12.043333564377892,0.0,1.159357812669542e-05,3.2808691267172496,0.1827848944045437,,0.6761899452192255,1.3916929562886553e-06,0.0,0.0793980336931016,0.0,0.0
2024-04-18,5.5070314780900205,1.6836284067408245,7.270095141959191,9.864366888563367,0.0,0.0,3.640756623006397,0.2572314010788333,,0.3830968286405669,1.4981161223517524e-06,0.0,0.0298490168719821,0.0,0.0
2024-04-19,8.114544574768278,2.4395771710854106,11.663367873782054,15.50202889561971,6.196127732594809e-06,0.0001079156504737,5.198289373373455,0.4199100559514099,,0.1832344202558199,0.4777847024411625,0.0,0.0567671752852863,0.0,0.0
2024-04-20,14.026116071031362,0.4877183414385053,15.651044802652995,26.398346118164067,0.0,0.0,1.4184841712930467,0.0002292212482293,,0.6374553483352396,1.169455248689254,0.0,0.0,0.0315039567409621,0.0
2024-04-21,13.279641081966826,0.4912334623734156,14.946511860690643,25.22846162078857,0.0,0.0,1.4101760163815815,0.0001865025777286,,0.7082011172314484,1.1021426820924547,0.0,0.0,0.0112591870285405,0.0
2024-04-22,13.444201969162094,3.1502138046137493,18.594779395682018,24.961066341514588,5.640402634938559e-06,0.0001074526169564,6.707533585382039,0.4548528098646799,,0.7437212136741478,1.4717191599812771,0.0,0.0895778133492999,0.0069638476169109,0.0
2024-04-23,13.360601627688938,4.458045210416847,19.33134578092787,24.91377242896186,6.0347276263766815e-06,9.270628293355304e-05,9.292748276440305,0.4622745239476363,,0.6916522368321153,0.702908448526197,0.0,0.2516528971756829,0.0106612247660424,0.0
2024-04-24,12.85174070905023,1.8020026843923995,15.313020770493084,25.19050757214864,5.8440168698628745e-06,7.016554488076104e-05,4.0012800748104524,0.0578826603314611,,0.1650929352268907,1.456187539630466e-05,0.0,0.125918283103572,0.0,0.0
2024-04-25,12.744548317328558,2.6379154995600387,16.30417700636122,24.939307323744032,2.907599343193902e-06,2.295046541425917e-05,5.6639730837112,0.2442021503306759,,0.1317024704400698,2.927126487096151e-06,0.0,0.1308390673828125,0.0005544629262553,0.0
2024-04-26,12.900605006849505,3.5953852047496366,17.473182842966715,25.339797121683755,2.9633193545871312e-06,9.642656829622056e-05,7.575709389093188,0.1386802508056163,,0.0761612924329439,8.662110699547662e-06,0.0,0.186913624303076,0.0,0.0
2024-04-27,10.195399566071034,2.307560103242663,12.953985401164692,18.736435911068384,0.0,2.789869573381212e-06,4.95904111222479,0.4013226916021771,,0.6815328518679408,2.8390398290422227e-06,0.0,0.2190538088067372,0.0115876841175556,0.0
2024-04-28,4.14445571911325,1.1197482037339457,6.678917629626042,7.460238267686632,0.0,2.79259098900689e-06,2.502681352205399,0.2921260437365867,,0.2363679192802613,0.721672688060019,0.0,0.4859174425458908,0.0037177167532179,0.0
2024-04-29,7.099186469580433,4.983876232948649,10.093447207450357,3.669826756224103,0.0032317103717062,0.0023966541613472,10.234277722493154,5.268024663377288,,0.3842956386269491,1.802602926872624,0.0,0.3839586991136604,0.0,0.0
2024-04-30,7.829086441163754,2.758287575589684,3.3122333061202363,0.2586359119923909,0.0013180378667513,0.000371378809346,5.767959430855646,7.181641494374143,,0.5533733976827728,1.883085356818305e-05,0.0,0.0,0.0,0.0
2024-05-01,0.2939065242372618,2.4605779264312324,2.972762933793597,0.0,0.0,2.7907143698798285e-06,5.102566431603961,0.0859659641222159,,0.1017233058595657,0.1578095820437537,0.0,0.0916368554793463,0.0,0.0
2024-05-02,7.094425925723711,1.980485798166328,2.710416459171507,0.2562029973559909,0.0003127763488557,0.0001062767158614,4.209615218231413,6.499980646614764,,0.5630402702730233,4.348143471611871e-06,0.0,0.3180766539340549,0.0,0.0
2024-05-03,1.5969874693041377,5.352109966989095,6.485138300150765,2.926467259724934e-06,0.0002861833670404,0.000618555355072,10.87990185468674,0.8666496229418117,,0.7110303707655269,3.446015053325229e-05,0.0,0.3469758810129431,0.0,0.0
2024-05-04,0.81336565499915,2.6698782356336386,3.4191128096061285,0.0,2.8745179706149632e-06,5.898295243581136e-06,5.521116792656581,0.2313745953860548,,0.6305054517430728,0.0,0.0,0.295978571041425,0.0,0.0
2024-05-05,0.7673351767161157,1.4010302427249484,2.630401877103912,0.0,0.0,1.7872156567043728e-05,2.998527026691437,0.0098298973817295,,0.3963528997588157,0.0,0.0,1.0875997967682944,0.0023813596591684,0.0
2024-05-06,0.3371061502477858,4.584383195134269,5.346503285373053,0.0,0.0,5.724550088246663e-06,9.342581898911796,0.3480813819521002,,0.1526094750832187,2.887250582377116e-06,0.0,0.0914955108748541,0.0,0.0
2024-05-07,0.686608895295726,4.813941543632614,5.6032875820816885,0.0,0.0,8.992963367038303e-06,9.800940025850933,0.2895427904368771,,0.4828071255991194,0.0,0.0,0.1800731534979078,0.0,0.0
2024-05-08,0.5415542969263925,4.378056630521351,5.977502878111734,0.0,0.0,5.701276196373833e-06,8.923557450325225,0.6785729203706318,,0.3696776510843965,1.395518117480808e-06,0.0,0.563759677066803,0.0,0.0
2024-05-09,0.7775851229948468,1.8963635629934736,2.056780180739826,0.0,0.0,0.0,3.982149949786928,1.3037999073664348e-05,,0.631969220234553,9.641465928819443e-05,0.0,0.0114713475502861,0.0,0.0
2024-05-10,0.2413331740461455,1.7289199308824537,1.8492912996053696,2.972305403815376e-05,0.0,2.9948462380303275e-06,3.5755472241168547,1.916340814696418e-05,,0.1887045075158278,0.0,0.0,0.0,0.0,0.0
